address_folder,best_image,best_rank_key,reason
1-29BEACH133STREET,Side2_2012-10_P_PwZZg_H_251_Off_-5.jpg,"(1, 1, 1, 1, 0.9523818492889404, -0.17276760175191797)",entrance=1 door=1 stairs=1 goodStairs=1 inFOV=True s_door=0.95 s_stairs=0.92 s_entr=0.95 dist=0.173
1-34BEACH133STREET,Side1_2012-10_P_PwZZg_H_35_Off_0.jpg,"(1, 1, 1, 1, 0.8502046465873718, -0.14231239121296835)",entrance=1 door=1 stairs=1 goodStairs=1 inFOV=True s_door=0.85 s_stairs=0.94 s_entr=0.85 dist=0.142
1-37BEACH137STREET,Side1_2022-07_P_DPskA_H_236_Off_10.jpg,"(1, 1, 0, 1, 0.8952096104621887, -0.10773233525728722)",entrance=1 door=1 stairs=0 goodStairs=0 inFOV=True s_door=0.90 s_stairs=0.00 s_entr=0.90 dist=0.108
1-37BEACH138STREET,Center_2022-07_P_iEK9w_H_243_Off_-5.jpg,"(1, 1, 1, 1, 0.9242810010910034, -0.11214241402449972)",entrance=1 door=1 stairs=1 goodStairs=1 inFOV=True s_door=0.92 s_stairs=0.94 s_entr=0.92 dist=0.112
1-38BEACH133STREET,Center_2018-07_P_m7NoQ_H_68_Off_0.jpg,"(1, 1, 1, 1, 0.8040307760238647, -0.06851413143773603)",entrance=1 door=1 stairs=1 goodStairs=1 inFOV=True s_door=0.80 s_stairs=0.98 s_entr=0.80 dist=0.069
1-40BEACH134STREET,Side2_2007-09_P_wwtog_H_72_Off_-10.jpg,"(1, 1, 1, 1, 0.18480169773101807, -0.3200055662307381)",entrance=1 door=1 stairs=1 goodStairs=1 inFOV=True s_door=0.18 s_stairs=0.55 s_entr=0.18 dist=0.320
1-40BEACH137STREET,Side2_2022-07_P_Avv2A_H_92_Off_-5.jpg,"(1, 1, 1, 1, 0.9805497527122498, -0.0028592598418248996)",entrance=1 door=1 stairs=1 goodStairs=1 inFOV=True s_door=0.98 s_stairs=0.85 s_entr=0.98 dist=0.003
1-40BEACH142STREET,Side1_2022-07_P_Ej2gg_H_51_Off_-10.jpg,"(1, 1, 1, 1, 0.29851192235946655, -0.19919140996468818)",entrance=1 door=1 stairs=1 goodStairs=1 inFOV=True s_door=0.30 s_stairs=0.96 s_entr=0.30 dist=0.199
1-41BEACH137STREET,Center_2022-07_P_Avv2A_H_247_Off_10.jpg,"(1, 1, 1, 1, 0.08604172617197037, -0.03519525687948858)",entrance=1 door=1 stairs=1 goodStairs=1 inFOV=True s_door=0.09 s_stairs=0.52 s_entr=0.09 dist=0.035
1-42BEACH133STREET,Center_2018-07_P_9C7eg_H_88_Off_10.jpg,"(1, 1, 1, 1, 0.7350858449935913, -0.1395197896656186)",entrance=1 door=1 stairs=1 goodStairs=1 inFOV=True s_door=0.74 s_stairs=0.57 s_entr=0.74 dist=0.140
1-44BEACH134STREET,Center_2007-09_P_wwtog_H_43_Off_-10.jpg,"(1, 1, 1, 1, 0.4298270046710968, -0.03977046595643778)",entrance=1 door=1 stairs=1 goodStairs=1 inFOV=True s_door=0.43 s_stairs=0.53 s_entr=0.43 dist=0.040
1-44BEACH138STREET,Side2_2022-07_P_s0iLw_H_88_Off_-10.jpg,"(1, 1, 1, 1, 0.45506560802459717, -0.13525188517246847)",entrance=1 door=1 stairs=1 goodStairs=1 inFOV=True s_door=0.46 s_stairs=0.50 s_entr=0.46 dist=0.135
1-44BEACH142STREET,Center_2022-07_P__tNAA_H_81_Off_10.jpg,"(1, 1, 1, 1, 0.9204081296920776, -0.048809744169968854)",entrance=1 door=1 stairs=1 goodStairs=1 inFOV=True s_door=0.92 s_stairs=0.97 s_entr=0.92 dist=0.049
1-45BEACH133STREET,Center_2018-07_P_9C7eg_H_239_Off_-5.jpg,"(1, 1, 1, 1, 0.9690852165222168, -0.02159024870444296)",entrance=1 door=1 stairs=1 goodStairs=1 inFOV=True s_door=0.97 s_stairs=0.97 s_entr=0.97 dist=0.022
1-45BEACH137STREET,Side1_2022-07_P_zrTNg_H_234_Off_10.jpg,"(1, 1, 1, 1, 0.8612108826637268, -0.1631119187908386)",entrance=1 door=1 stairs=1 goodStairs=1 inFOV=True s_door=0.86 s_stairs=0.95 s_entr=0.86 dist=0.163
1-48BEACH134STREET,Side2_2007-09_P_XSKEw_H_89_Off_0.jpg,"(1, 1, 1, 1, 0.8117157816886902, -0.0840896949141941)",entrance=1 door=1 stairs=1 goodStairs=1 inFOV=True s_door=0.81 s_stairs=0.94 s_entr=0.81 dist=0.084
1-48BEACH142STREET,Side2_2022-07_P_zgf4Q_H_83_Off_5.jpg,"(1, 1, 1, 1, 0.8967865705490112, -0.1979951370312526)",entrance=1 door=1 stairs=1 goodStairs=1 inFOV=True s_door=0.90 s_stairs=0.95 s_entr=0.90 dist=0.198
1-49BEACH133STREET,Side2_2018-07_P_7Nung_H_280_Off_-10.jpg,"(1, 1, 1, 1, 0.9546189308166504, -0.01787620608739432)",entrance=1 door=1 stairs=1 goodStairs=1 inFOV=True s_door=0.95 s_stairs=0.88 s_entr=0.95 dist=0.018
1-49BEACH137STREET,Center_2022-07_P_zrTNg_H_256_Off_-5.jpg,"(1, 1, 1, 1, 0.9522234797477722, -0.014461921623480133)",entrance=1 door=1 stairs=1 goodStairs=1 inFOV=True s_door=0.95 s_stairs=0.98 s_entr=0.95 dist=0.014
1-49BEACH138STREET,Center_2022-07_P_s0iLw_H_260_Off_5.jpg,"(1, 1, 1, 1, 0.9472306966781616, -0.04558622397728421)",entrance=1 door=1 stairs=1 goodStairs=1 inFOV=True s_door=0.95 s_stairs=0.94 s_entr=0.95 dist=0.046
1-50BEACH134STREET,Side2_2007-09_P_nhwww_H_84_Off_-10.jpg,"(1, 1, 1, 1, 0.808424174785614, -0.14795234112228825)",entrance=1 door=1 stairs=1 goodStairs=1 inFOV=True s_door=0.81 s_stairs=0.90 s_entr=0.81 dist=0.148
1-51BEACH137STREET,Side2_2022-07_P_zrTNg_H_267_Off_-10.jpg,"(1, 1, 1, 1, 0.2476026564836502, -0.08812224746475726)",entrance=1 door=1 stairs=1 goodStairs=1 inFOV=True s_door=0.25 s_stairs=0.98 s_entr=0.25 dist=0.088
1-53BEACH133STREET,Center_2018-07_P_Fc3ew_H_234_Off_-5.jpg,"(1, 1, 1, 1, 0.9090872406959534, -0.17406364566695876)",entrance=1 door=1 stairs=1 goodStairs=1 inFOV=True s_door=0.91 s_stairs=0.99 s_entr=0.91 dist=0.174
1-53BEACH134STREET,Side1_2007-09_P_vhBfA_H_211_Off_5.jpg,"(1, 1, 1, 1, 0.8547387719154358, -0.11962124490607232)",entrance=1 door=1 stairs=1 goodStairs=1 inFOV=True s_door=0.85 s_stairs=0.99 s_entr=0.85 dist=0.120
1-54BEACH137STREET,Side1_2022-07_P_zrTNg_H_44_Off_-5.jpg,"(1, 1, 1, 1, 0.9753788113594055, -0.06884166097644726)",entrance=1 door=1 stairs=1 goodStairs=1 inFOV=True s_door=0.98 s_stairs=0.75 s_entr=0.98 dist=0.069
1-54BEACH138STREET,Side2_2022-07_P_iO3Eg_H_97_Off_-5.jpg,"(1, 1, 1, 1, 0.9646894931793213, -0.1642351112819311)",entrance=1 door=1 stairs=1 goodStairs=1 inFOV=True s_door=0.96 s_stairs=0.96 s_entr=0.96 dist=0.164
1-54BEACH142STREET,Center_2022-07_P_tnhaw_H_74_Off_0.jpg,"(1, 1, 1, 1, 0.9450796246528625, -0.01881488774396876)",entrance=1 door=1 stairs=1 goodStairs=1 inFOV=True s_door=0.95 s_stairs=0.91 s_entr=0.95 dist=0.019
1-55BEACH133STREET,Center_2018-07_P_ArYeg_H_241_Off_-10.jpg,"(1, 1, 1, 1, 0.9730321168899536, -0.11182199073843577)",entrance=1 door=1 stairs=1 goodStairs=1 inFOV=True s_door=0.97 s_stairs=0.99 s_entr=0.97 dist=0.112
1-55BEACH137STREET,Center_2021-11_P_Gzrww_H_249_Off_5.jpg,"(1, 1, 0, 1, 0.8756303787231445, -0.060390669410948165)",entrance=1 door=1 stairs=1 goodStairs=0 inFOV=True s_door=0.88 s_stairs=0.16 s_entr=0.88 dist=0.060
1-55BEACH138STREET,Center_2022-07_P_FxRzA_H_248_Off_0.jpg,"(1, 1, 1, 1, 0.8120617866516113, -0.010109800909603318)",entrance=1 door=1 stairs=1 goodStairs=1 inFOV=True s_door=0.81 s_stairs=0.97 s_entr=0.81 dist=0.010
1-56BEACH134STREET,Side1_2007-09_P_XSKEw_H_43_Off_10.jpg,"(1, 1, 1, 1, 0.43543991446495056, -0.166733246530919)",entrance=1 door=1 stairs=1 goodStairs=1 inFOV=True s_door=0.44 s_stairs=0.93 s_entr=0.44 dist=0.167
1-58BEACH138STREET,Center_2022-07_P_iO3Eg_H_67_Off_-10.jpg,"(1, 1, 1, 1, 0.9699857831001282, -0.16172705294484196)",entrance=1 door=1 stairs=1 goodStairs=1 inFOV=True s_door=0.97 s_stairs=0.93 s_entr=0.97 dist=0.162
1-59BEACH133STREET,Side2_2018-07_P_ArYeg_H_266_Off_-5.jpg,"(1, 1, 1, 1, 0.9638734459877014, -0.155299224812049)",entrance=1 door=1 stairs=1 goodStairs=1 inFOV=True s_door=0.96 s_stairs=0.98 s_entr=0.96 dist=0.155
1-59BEACH134STREET,Center_2007-09_P_vhBfA_H_236_Off_-10.jpg,"(1, 1, 1, 1, 0.790551483631134, -0.09887419517996683)",entrance=1 door=1 stairs=1 goodStairs=1 inFOV=True s_door=0.79 s_stairs=0.92 s_entr=0.79 dist=0.099
1-59BEACH137STREET,Side1_2022-07_P_8NnwA_H_241_Off_10.jpg,"(1, 1, 1, 1, 0.8629369735717773, -0.05747979639307648)",entrance=1 door=1 stairs=1 goodStairs=1 inFOV=True s_door=0.86 s_stairs=0.94 s_entr=0.86 dist=0.057
1-59BEACH138STREET,Center_2022-07_P_Hv1IQ_H_240_Off_-10.jpg,"(1, 1, 1, 1, 0.9725383520126343, -0.18327799373600856)",entrance=1 door=1 stairs=1 goodStairs=1 inFOV=True s_door=0.97 s_stairs=0.98 s_entr=0.97 dist=0.183
1-60BEACH138STREET,Side1_2022-07_P_iO3Eg_H_42_Off_0.jpg,"(1, 1, 1, 1, 0.9335430860519409, -0.013569168524723436)",entrance=1 door=1 stairs=1 goodStairs=1 inFOV=True s_door=0.93 s_stairs=0.97 s_entr=0.93 dist=0.014
1-60BEACH142STREET,Center_2022-07_P_rm6GA_H_74_Off_-5.jpg,"(1, 1, 1, 1, 0.9137949347496033, -0.13861749791001324)",entrance=1 door=1 stairs=1 goodStairs=1 inFOV=True s_door=0.91 s_stairs=0.96 s_entr=0.91 dist=0.139
1-65BEACH133STREET,Side2_2022-07_P_6WKFQ_H_267_Off_-10.jpg,"(1, 1, 0, 1, 0.6258713006973267, -0.15863801067809236)",entrance=1 door=1 stairs=1 goodStairs=0 inFOV=True s_door=0.63 s_stairs=0.10 s_entr=0.63 dist=0.159
1-65BEACH134STREET,Center_2007-09_P_6ccMg_H_239_Off_5.jpg,"(1, 1, 1, 1, 0.8931511044502258, -0.09432835312977071)",entrance=1 door=1 stairs=1 goodStairs=1 inFOV=True s_door=0.89 s_stairs=0.70 s_entr=0.89 dist=0.094
1-66BEACH137STREET,Side1_2022-07_P_8NnwA_H_44_Off_-5.jpg,"(1, 1, 1, 1, 0.9673896431922913, -0.05759012650523964)",entrance=1 door=1 stairs=1 goodStairs=1 inFOV=True s_door=0.97 s_stairs=0.98 s_entr=0.97 dist=0.058
1-66BEACH142STREET,Center_2022-07_P_ca5HQ_H_57_Off_0.jpg,"(1, 1, 1, 1, 0.9722071886062622, -0.1611721031305468)",entrance=1 door=1 stairs=1 goodStairs=1 inFOV=True s_door=0.97 s_stairs=0.96 s_entr=0.97 dist=0.161
1-68BEACH137STREET,Side1_2022-07_P_i0Yeg_H_51_Off_0.jpg,"(1, 1, 1, 1, 0.8845890760421753, -0.18618882033818182)",entrance=1 door=1 stairs=1 goodStairs=1 inFOV=True s_door=0.88 s_stairs=0.53 s_entr=0.88 dist=0.186
1-69BEACH134STREET,Side1_2007-09_P_OX03w_H_224_Off_10.jpg,"(1, 1, 1, 1, 0.7346367835998535, -0.01172429428667827)",entrance=1 door=1 stairs=1 goodStairs=1 inFOV=True s_door=0.73 s_stairs=0.97 s_entr=0.73 dist=0.012
1-69BEACH137STREET,Side1_2022-07_P_0C_ig_H_227_Off_0.jpg,"(1, 1, 1, 1, 0.881496787071228, -0.10120207285713907)",entrance=1 door=1 stairs=1 goodStairs=1 inFOV=True s_door=0.88 s_stairs=0.80 s_entr=0.88 dist=0.101
1-70BEACH134STREET,Side2_2007-09_P_6ccMg_H_75_Off_-5.jpg,"(1, 1, 1, 1, 0.5931808352470398, -0.06458145601319858)",entrance=1 door=1 stairs=1 goodStairs=1 inFOV=True s_door=0.59 s_stairs=0.99 s_entr=0.59 dist=0.065
1-71BEACH138STREET,Center_2022-07_P_JjI_g_H_237_Off_-5.jpg,"(1, 1, 1, 1, 0.9685760736465454, -0.12688712895732807)",entrance=1 door=1 stairs=1 goodStairs=1 inFOV=True s_door=0.97 s_stairs=0.97 s_entr=0.97 dist=0.127
1-72BEACH134STREET,Center_2007-09_P_OX03w_H_82_Off_5.jpg,"(1, 1, 1, 1, 0.7709475755691528, -0.20518440733526563)",entrance=1 door=1 stairs=1 goodStairs=1 inFOV=True s_door=0.77 s_stairs=0.52 s_entr=0.77 dist=0.205
1-72BEACH137STREET,Side2_2022-07_P_W96yQ_H_109_Off_10.jpg,"(1, 1, 1, 1, 0.8184328079223633, -0.02515396589256873)",entrance=1 door=1 stairs=1 goodStairs=1 inFOV=True s_door=0.82 s_stairs=0.97 s_entr=0.82 dist=0.025
1-72BEACH142STREET,Side1_2022-07_P_FFMMA_H_32_Off_-5.jpg,"(1, 1, 1, 1, 0.6091532707214355, -0.07958561560143847)",entrance=1 door=1 stairs=1 goodStairs=1 inFOV=True s_door=0.61 s_stairs=0.59 s_entr=0.61 dist=0.080
1-73BEACH137STREET,Side1_2022-07_P_W96yQ_H_223_Off_-10.jpg,"(1, 1, 1, 1, 0.7578130960464478, -0.22859815942963216)",entrance=1 door=1 stairs=1 goodStairs=1 inFOV=True s_door=0.76 s_stairs=0.96 s_entr=0.76 dist=0.229
1-74BEACH138STREET,Center_2022-07_P_nWo6g_H_89_Off_10.jpg,"(1, 1, 1, 1, 0.9426841735839844, -0.07887797066136464)",entrance=1 door=1 stairs=1 goodStairs=1 inFOV=True s_door=0.94 s_stairs=0.95 s_entr=0.94 dist=0.079
1-75BEACH133STREET,Center_2022-07_P_tNrdQ_H_254_Off_0.jpg,"(1, 1, 1, 1, 0.08727280795574188, -0.027327921409907925)",entrance=1 door=1 stairs=1 goodStairs=1 inFOV=True s_door=0.09 s_stairs=0.71 s_entr=0.09 dist=0.027
1-75BEACH138STREET,Side2_2022-07_P_JjI_g_H_264_Off_-5.jpg,"(1, 1, 1, 1, 0.9517622590065002, -0.16723449863223855)",entrance=1 door=1 stairs=1 goodStairs=1 inFOV=True s_door=0.95 s_stairs=0.93 s_entr=0.95 dist=0.167
1-77BEACH134STREET,Center_2007-09_P_aUd9Q_H_261_Off_0.jpg,"(1, 1, 1, 1, 0.8365766406059265, -0.12156438618431621)",entrance=1 door=1 stairs=1 goodStairs=1 inFOV=True s_door=0.84 s_stairs=0.87 s_entr=0.84 dist=0.122
1-77BEACH137STREET,Center_2022-07_P_2gOGw_H_230_Off_-10.jpg,"(1, 1, 1, 1, 0.9330233931541443, -0.04423294210465901)",entrance=1 door=1 stairs=1 goodStairs=1 inFOV=True s_door=0.93 s_stairs=0.97 s_entr=0.93 dist=0.044
1-78BEACH142STREET,Side1_2022-07_P_18WiQ_H_30_Off_10.jpg,"(1, 1, 1, 1, 0.3203035295009613, -0.2166642631549041)",entrance=1 door=1 stairs=1 goodStairs=1 inFOV=True s_door=0.32 s_stairs=0.57 s_entr=0.32 dist=0.217
1-79BEACH138STREET,Center_2022-07_P_5W1aw_H_261_Off_10.jpg,"(1, 1, 1, 1, 0.9298425316810608, -0.0961281473683798)",entrance=1 door=1 stairs=1 goodStairs=1 inFOV=True s_door=0.93 s_stairs=0.98 s_entr=0.93 dist=0.096
1-81BEACH134STREET,Center_2007-09_P_PO5RQ_H_239_Off_-10.jpg,"(1, 1, 1, 1, 0.7406361103057861, -0.17959000531559463)",entrance=1 door=1 stairs=1 goodStairs=1 inFOV=True s_door=0.74 s_stairs=0.98 s_entr=0.74 dist=0.180
1-83BEACH138STREET,Side1_2022-07_P_ZZoNg_H_226_Off_0.jpg,"(1, 1, 1, 1, 0.9580577611923218, -0.030232597358300643)",entrance=1 door=1 stairs=1 goodStairs=1 inFOV=True s_door=0.96 s_stairs=0.98 s_entr=0.96 dist=0.030
1-84BEACH142STREET,Center_2022-07_P_xdikg_H_62_Off_0.jpg,"(1, 1, 1, 1, 0.9626553058624268, -0.027906534013689387)",entrance=1 door=1 stairs=1 goodStairs=1 inFOV=True s_door=0.96 s_stairs=0.98 s_entr=0.96 dist=0.028
1-85BEACH134STREET,Side2_2007-09_P_PO5RQ_H_272_Off_-5.jpg,"(1, 1, 1, 1, 0.7878157496452332, -0.17898852651451144)",entrance=1 door=1 stairs=1 goodStairs=1 inFOV=True s_door=0.79 s_stairs=0.98 s_entr=0.79 dist=0.179
1-86BEACH133STREET,Side2_2022-07_P_QehvA_H_104_Off_0.jpg,"(1, 1, 0, 1, 0.09406360238790512, -0.09564499050555511)",entrance=1 door=1 stairs=0 goodStairs=0 inFOV=True s_door=0.09 s_stairs=0.00 s_entr=0.09 dist=0.096
1-86BEACH137STREET,Center_2022-07_P__zpAg_H_75_Off_-5.jpg,"(1, 1, 1, 1, 0.6847225427627563, -0.14679245442413996)",entrance=1 door=1 stairs=1 goodStairs=1 inFOV=True s_door=0.68 s_stairs=0.99 s_entr=0.68 dist=0.147
1-87BEACH138STREET,Side1_2022-07_P_yKRLg_H_243_Off_10.jpg,"(1, 1, 1, 1, 0.932783305644989, -0.16258127420941146)",entrance=1 door=1 stairs=1 goodStairs=1 inFOV=True s_door=0.93 s_stairs=0.98 s_entr=0.93 dist=0.163
1-90BEACH137STREET,Center_2022-07_P_AG8Lw_H_65_Off_10.jpg,"(1, 1, 1, 1, 0.8966205716133118, -0.09436749053825874)",entrance=1 door=1 stairs=1 goodStairs=1 inFOV=True s_door=0.90 s_stairs=0.95 s_entr=0.90 dist=0.094
1-91BEACH138STREET,Center_2022-07_P_jJNgw_H_243_Off_-5.jpg,"(1, 1, 1, 1, 0.8876200914382935, -0.025361357273293812)",entrance=1 door=1 stairs=1 goodStairs=1 inFOV=True s_door=0.89 s_stairs=0.97 s_entr=0.89 dist=0.025
1-92BEACH142STREET,Side1_2022-07_P_1kN7A_H_67_Off_10.jpg,"(1, 1, 1, 1, 0.8353970050811768, -0.1479471365834617)",entrance=1 door=1 stairs=1 goodStairs=1 inFOV=True s_door=0.84 s_stairs=0.63 s_entr=0.84 dist=0.148
1-96BEACH142STREET,Center_2022-07_P_4IRog_H_130_Off_-10.jpg,"(0, 0, 0, 1, 0.0, -1000000000.0)",entrance=0 door=0 stairs=0 goodStairs=0 inFOV=True s_door=0.00 s_stairs=0.00 s_entr=0.00 dist=1000000000.000
1-97BEACH137STREET,Center_2022-07_P_3V1UQ_H_244_Off_10.jpg,"(1, 1, 1, 1, 0.9389775991439819, -0.03982231583533623)",entrance=1 door=1 stairs=1 goodStairs=1 inFOV=True s_door=0.94 s_stairs=0.97 s_entr=0.94 dist=0.040
1-98BEACH133STREET,Center_2020-11_P_s899g_H_167_Off_10.jpg,"(1, 1, 1, 1, 0.19263800978660583, -0.07990967463525571)",entrance=1 door=1 stairs=1 goodStairs=1 inFOV=True s_door=0.19 s_stairs=0.58 s_entr=0.19 dist=0.080
125BEACH131STREET,Side2_2019-08_P_BBvqg_H_252_Off_5.jpg,"(1, 1, 1, 1, 0.9683995246887207, -0.05873118268895432)",entrance=1 door=1 stairs=1 goodStairs=1 inFOV=True s_door=0.97 s_stairs=0.95 s_entr=0.97 dist=0.059
125BEACH135STREET,Side2_2022-07_P_J9uzA_H_246_Off_-5.jpg,"(1, 1, 1, 1, 0.9485577940940857, -0.2027210806585466)",entrance=1 door=1 stairs=1 goodStairs=1 inFOV=True s_door=0.95 s_stairs=0.70 s_entr=0.95 dist=0.203
126BEACH135STREET,Side1_2022-07_P_J9uzA_H_68_Off_10.jpg,"(1, 1, 1, 1, 0.8535417318344116, -0.0485823890305185)",entrance=1 door=1 stairs=1 goodStairs=1 inFOV=True s_door=0.85 s_stairs=0.94 s_entr=0.85 dist=0.049
128BEACH132STREET,Side1_2019-08_P_eqbkg_H_78_Off_-10.jpg,"(1, 1, 1, 1, 0.8783202171325684, -0.2860577878776545)",entrance=1 door=1 stairs=1 goodStairs=1 inFOV=True s_door=0.88 s_stairs=0.98 s_entr=0.88 dist=0.286
129BEACH131STREET,Center_2019-08_P_zf9tQ_H_252_Off_5.jpg,"(1, 1, 1, 1, 0.9082109928131104, -0.13528057385693962)",entrance=1 door=1 stairs=1 goodStairs=1 inFOV=True s_door=0.91 s_stairs=0.91 s_entr=0.91 dist=0.135
129BEACH136STREET,Side1_2019-08_P_K2D5Q_H_202_Off_-10.jpg,"(1, 1, 1, 1, 0.8063686490058899, -0.12117162133250547)",entrance=1 door=1 stairs=1 goodStairs=1 inFOV=True s_door=0.81 s_stairs=0.57 s_entr=0.81 dist=0.121
129BEACH137STREET,Side1_2022-07_P_hpMiw_H_226_Off_-5.jpg,"(1, 1, 1, 1, 0.31940799951553345, -0.0917609914640002)",entrance=1 door=1 stairs=1 goodStairs=1 inFOV=True s_door=0.32 s_stairs=0.95 s_entr=0.32 dist=0.092
130-01CRONSTONAVENUE,Center_2020-11_P_O2wQg_H_238_Off_-5.jpg,"(1, 1, 1, 1, 0.9452711939811707, -0.031159658542261524)",entrance=1 door=1 stairs=1 goodStairs=1 inFOV=True s_door=0.95 s_stairs=0.95 s_entr=0.95 dist=0.031
130-03NEWPORTAVENUE,Side2_2024-10_P_3SX0w_H_186_Off_0.jpg,"(1, 1, 1, 1, 0.5633181929588318, -0.14143472276847255)",entrance=1 door=1 stairs=1 goodStairs=1 inFOV=True s_door=0.56 s_stairs=0.84 s_entr=0.56 dist=0.141
130-03ROCKAWAYBEACHBLVD,Center_2021-11_P_elebw_H_171_Off_10.jpg,"(1, 1, 1, 1, 0.8137921094894409, -0.06431557937131059)",entrance=1 door=1 stairs=1 goodStairs=1 inFOV=True s_door=0.81 s_stairs=0.82 s_entr=0.81 dist=0.064
130-09BEACHCHANNELDRIVE,Side2_2024-10_P_oCOrQ_H_186_Off_-10.jpg,"(1, 1, 1, 1, 0.4691148102283478, -0.1963133125601849)",entrance=1 door=1 stairs=1 goodStairs=1 inFOV=True s_door=0.47 s_stairs=0.86 s_entr=0.47 dist=0.196
130-11CRONSTONAVENUE,Side2_2022-07_P_zSYEA_H_200_Off_10.jpg,"(1, 1, 1, 1, 0.8134379982948303, -0.054781359570088804)",entrance=1 door=1 stairs=1 goodStairs=1 inFOV=True s_door=0.81 s_stairs=0.97 s_entr=0.81 dist=0.055
130BEACH134STREET,Side1_2007-09_P_BgwSg_H_60_Off_-5.jpg,"(1, 0, 1, 1, 0.5037699341773987, -0.19549214867228365)",entrance=1 door=0 stairs=1 goodStairs=1 inFOV=True s_door=0.00 s_stairs=0.50 s_entr=0.50 dist=0.195
131-02ROCKAWAYBEACHBLVD,Center_2021-11_P_oUOEw_H_342_Off_5.jpg,"(1, 1, 1, 1, 0.3961503803730011, -0.04639706841296611)",entrance=1 door=1 stairs=1 goodStairs=1 inFOV=True s_door=0.40 s_stairs=0.90 s_entr=0.40 dist=0.046
131-05CRONSTONAVENUE,Center_2022-07_P_hlUAw_H_159_Off_5.jpg,"(1, 1, 1, 1, 0.7270779013633728, -0.1646145783333693)",entrance=1 door=1 stairs=1 goodStairs=1 inFOV=True s_door=0.73 s_stairs=0.98 s_entr=0.73 dist=0.165
131-05NEWPORTAVENUE,Center_2024-10_P_MzPfQ_H_150_Off_0.jpg,"(1, 1, 0, 1, 0.6583999991416931, -0.0034384043146045537)",entrance=1 door=1 stairs=0 goodStairs=0 inFOV=True s_door=0.66 s_stairs=0.00 s_entr=0.66 dist=0.003
131-11ROCKAWAYBEACHBLVD,Side2_2021-11_P_Liq9A_H_192_Off_5.jpg,"(1, 1, 0, 1, 0.3144029676914215, -0.2563306806209351)",entrance=1 door=1 stairs=0 goodStairs=0 inFOV=True s_door=0.31 s_stairs=0.00 s_entr=0.31 dist=0.256
131-12CRONSTONAVENUE,Side2_2022-07_P_3clpw_H_1_Off_-10.jpg,"(1, 1, 1, 1, 0.5435627102851868, -0.17790877253197215)",entrance=1 door=1 stairs=1 goodStairs=1 inFOV=True s_door=0.54 s_stairs=0.98 s_entr=0.54 dist=0.178
131-14CRONSTONAVENUE,Center_2018-07_P_tKiiQ_H_72_Off_10.jpg,"(1, 1, 0, 1, 0.17575588822364807, -0.17455598439955408)",entrance=1 door=1 stairs=0 goodStairs=0 inFOV=True s_door=0.18 s_stairs=0.00 s_entr=0.18 dist=0.175
131BEACH135STREET,Side1_2022-07_P_JJL2w_H_229_Off_5.jpg,"(1, 1, 0, 1, 0.822476327419281, -0.05181538671916097)",entrance=1 door=1 stairs=0 goodStairs=0 inFOV=True s_door=0.82 s_stairs=0.00 s_entr=0.82 dist=0.052
131BEACH138STREET,Side2_2007-09_P_uAUpw_H_245_Off_10.jpg,"(1, 1, 1, 1, 0.5317869186401367, -0.18216655283317434)",entrance=1 door=1 stairs=1 goodStairs=1 inFOV=True s_door=0.53 s_stairs=0.81 s_entr=0.53 dist=0.182
131BEACH139STREET,Side2_2019-08_P_FCVxg_H_71_Off_-10.jpg,"(1, 1, 1, 1, 0.9428351521492004, -0.17253358543895925)",entrance=1 door=1 stairs=1 goodStairs=1 inFOV=True s_door=0.94 s_stairs=0.75 s_entr=0.94 dist=0.173
132-04CRONSTONAVENUE,Center_2018-07_P_tKiiQ_H_263_Off_10.jpg,"(1, 1, 0, 1, 0.44222521781921387, -0.054090567445826646)",entrance=1 door=1 stairs=0 goodStairs=0 inFOV=True s_door=0.44 s_stairs=0.00 s_entr=0.44 dist=0.054
132-05ROCKAWAYBEACHBLVD,Center_2022-07_P_jMy3A_H_259_Off_0.jpg,"(1, 1, 1, 1, 0.8707622289657593, -0.2180890976439512)",entrance=1 door=1 stairs=1 goodStairs=1 inFOV=True s_door=0.87 s_stairs=0.70 s_entr=0.87 dist=0.218
132-06ROCKAWAYBEACHBLVD,Side1_2019-08_P_D8H3A_H_240_Off_10.jpg,"(1, 1, 0, 1, 0.3268851339817047, -0.18971259748655558)",entrance=1 door=1 stairs=1 goodStairs=0 inFOV=True s_door=0.33 s_stairs=0.17 s_entr=0.33 dist=0.190
132-09BEACHCHANNELDRIVE,Center_2024-10_P_ugfTQ_H_148_Off_0.jpg,"(1, 0, 1, 1, 0.6518462896347046, -0.1950570930814474)",entrance=1 door=0 stairs=1 goodStairs=1 inFOV=True s_door=0.00 s_stairs=0.65 s_entr=0.65 dist=0.195
132-12NEWPORTAVENUE,Center_2022-07_P_mtQmg_H_326_Off_-5.jpg,"(1, 1, 1, 1, 0.944819450378418, -0.1320355881832187)",entrance=1 door=1 stairs=1 goodStairs=1 inFOV=True s_door=0.94 s_stairs=0.98 s_entr=0.94 dist=0.132
132-15NEWPORTAVENUE,Side1_2022-07_P_4em1w_H_30_Off_-5.jpg,"(1, 1, 0, 1, 0.5902190804481506, -0.2583801492451715)",entrance=1 door=1 stairs=0 goodStairs=0 inFOV=True s_door=0.59 s_stairs=0.00 s_entr=0.59 dist=0.258
132-16NEWPORTAVENUE,Center_2022-07_P_7AqRg_H_71_Off_-5.jpg,"(1, 1, 0, 1, 0.3668420910835266, -0.2755843719904416)",entrance=1 door=1 stairs=0 goodStairs=0 inFOV=True s_door=0.37 s_stairs=0.00 s_entr=0.37 dist=0.276
133-05NEWPORTAVENUE,Center_2022-07_P_FeFbg_H_147_Off_-10.jpg,"(1, 1, 1, 1, 0.8293983340263367, -0.06972518941211657)",entrance=1 door=1 stairs=1 goodStairs=1 inFOV=True s_door=0.83 s_stairs=0.95 s_entr=0.83 dist=0.070
133-06ROCKAWAYBEACHBLVD,Center_2022-07_P_T36hA_H_234_Off_-10.jpg,"(1, 1, 1, 1, 0.7537074089050293, -0.047599287749795056)",entrance=1 door=1 stairs=1 goodStairs=1 inFOV=True s_door=0.75 s_stairs=0.73 s_entr=0.75 dist=0.048
133-11NEWPORTAVENUE,Center_2022-07_P_r08fg_H_174_Off_5.jpg,"(1, 1, 1, 1, 0.8193568587303162, -0.1836494472882742)",entrance=1 door=1 stairs=1 goodStairs=1 inFOV=True s_door=0.82 s_stairs=0.58 s_entr=0.82 dist=0.184
133-17NEWPORTAVENUE,Side2_2022-07_P_kGGyQ_H_97_Off_-5.jpg,"(1, 1, 1, 1, 0.16263140738010406, -0.15645689742488433)",entrance=1 door=1 stairs=1 goodStairs=1 inFOV=True s_door=0.16 s_stairs=0.94 s_entr=0.16 dist=0.156
133BEACH130STREET,Side2_2019-08_P_Qlmlg_H_241_Off_-5.jpg,"(1, 1, 1, 1, 0.7453883290290833, -0.19808229899398255)",entrance=1 door=1 stairs=1 goodStairs=1 inFOV=True s_door=0.75 s_stairs=0.92 s_entr=0.75 dist=0.198
133BEACH131STREET,Side2_2019-08_P_zf9tQ_H_279_Off_10.jpg,"(1, 1, 1, 1, 0.940832257270813, -0.17575731464700398)",entrance=1 door=1 stairs=1 goodStairs=1 inFOV=True s_door=0.94 s_stairs=0.93 s_entr=0.94 dist=0.176
134-05NEWPORTAVENUE,Center_2022-07_P_ky7Kw_H_253_Off_10.jpg,"(1, 1, 0, 1, 0.8937414288520813, -0.20153195467647322)",entrance=1 door=1 stairs=0 goodStairs=0 inFOV=True s_door=0.89 s_stairs=0.00 s_entr=0.89 dist=0.202
134-06ROCKAWAYBEACHBLVD,Side1_2021-11_P_W0nrw_H_210_Off_-5.jpg,"(1, 1, 0, 1, 0.430884450674057, -0.20696642201479834)",entrance=1 door=1 stairs=0 goodStairs=0 inFOV=True s_door=0.43 s_stairs=0.00 s_entr=0.43 dist=0.207
134-09NEWPORTAVENUE,Side2_2022-07_P_yIJ1g_H_168_Off_-5.jpg,"(1, 1, 1, 1, 0.29250970482826233, -0.27057107238882455)",entrance=1 door=1 stairs=1 goodStairs=1 inFOV=True s_door=0.29 s_stairs=0.97 s_entr=0.29 dist=0.271
134-11NEWPORTAVENUE,Side2_2022-07_P_yIJ1g_H_184_Off_-10.jpg,"(1, 1, 1, 1, 0.13021054863929749, -0.03242948189362378)",entrance=1 door=1 stairs=1 goodStairs=1 inFOV=True s_door=0.13 s_stairs=0.96 s_entr=0.13 dist=0.032
134-16CRONSTONAVENUE,Side1_2022-07_P_fOv0Q_H_326_Off_5.jpg,"(1, 1, 1, 1, 0.7877287864685059, -0.2427330405580251)",entrance=1 door=1 stairs=1 goodStairs=1 inFOV=True s_door=0.79 s_stairs=0.89 s_entr=0.79 dist=0.243
135-02ROCKAWAYBEACHBLVD,Side1_2022-07_P_b2Bmw_H_215_Off_0.jpg,"(1, 1, 1, 1, 0.1468709111213684, -0.13894626939473192)",entrance=1 door=1 stairs=1 goodStairs=1 inFOV=True s_door=0.15 s_stairs=0.87 s_entr=0.15 dist=0.139
135-03BEACHCHANNELDRIVE,Center_2022-07_P_007bg_H_252_Off_10.jpg,"(1, 1, 1, 1, 0.41904976963996887, -0.20672637463214075)",entrance=1 door=1 stairs=1 goodStairs=1 inFOV=True s_door=0.42 s_stairs=0.97 s_entr=0.42 dist=0.207
135-05ROCKAWAYBEACHBLVD,Side1_2022-07_P_EHbpg_H_240_Off_10.jpg,"(1, 1, 1, 1, 0.20795220136642456, -0.2560295537711543)",entrance=1 door=1 stairs=1 goodStairs=1 inFOV=True s_door=0.21 s_stairs=0.93 s_entr=0.21 dist=0.256
135-07ROCKAWAYBEACHBLVD,Center_2021-11_P_1JCHA_H_146_Off_0.jpg,"(1, 1, 1, 1, 0.8514823317527771, -0.035291618561092856)",entrance=1 door=1 stairs=1 goodStairs=1 inFOV=True s_door=0.85 s_stairs=0.94 s_entr=0.85 dist=0.035
135-09BEACHCHANNELDRIVE,Center_2024-10_P_gWflA_H_150_Off_10.jpg,"(1, 1, 0, 1, 0.8688735961914062, -0.08349567962365224)",entrance=1 door=1 stairs=1 goodStairs=0 inFOV=True s_door=0.87 s_stairs=0.13 s_entr=0.87 dist=0.083
135-11ROCKAWAYBEACHBLVD,Side2_2021-11_P_1JCHA_H_188_Off_10.jpg,"(1, 1, 1, 1, 0.7033283114433289, -0.15615192221279475)",entrance=1 door=1 stairs=1 goodStairs=1 inFOV=True s_door=0.70 s_stairs=0.94 s_entr=0.70 dist=0.156
135-14NEWPORTAVENUE,Side2_2022-07_P_iR9Kw_H_11_Off_0.jpg,"(1, 1, 1, 1, 0.18872910737991333, -0.17746616918296715)",entrance=1 door=1 stairs=1 goodStairs=1 inFOV=True s_door=0.19 s_stairs=0.73 s_entr=0.19 dist=0.177
135-17NEWPORTAVENUE,Side2_2022-07_P_01Hnw_H_163_Off_-10.jpg,"(1, 1, 0, 1, 0.7952784895896912, -0.13214843009338953)",entrance=1 door=1 stairs=0 goodStairs=0 inFOV=True s_door=0.80 s_stairs=0.00 s_entr=0.80 dist=0.132
135-17ROCKAWAYBEACHBLVD,Side1_2019-08_P_1RKMQ_H_41_Off_5.jpg,"(1, 1, 1, 1, 0.9306681156158447, -0.025916811963995576)",entrance=1 door=1 stairs=1 goodStairs=1 inFOV=True s_door=0.93 s_stairs=0.98 s_entr=0.93 dist=0.026
135BEACH132STREET,Side2_2019-08_P_eqbkg_H_248_Off_-5.jpg,"(1, 1, 1, 1, 0.3934183716773987, -0.20074253819641164)",entrance=1 door=1 stairs=1 goodStairs=1 inFOV=True s_door=0.39 s_stairs=0.76 s_entr=0.39 dist=0.201
135BEACH135STREET,Side2_2022-07_P_JJL2w_H_253_Off_-10.jpg,"(1, 1, 1, 1, 0.949256181716919, -0.06989351323708833)",entrance=1 door=1 stairs=1 goodStairs=1 inFOV=True s_door=0.95 s_stairs=0.97 s_entr=0.95 dist=0.070
135BEACH136STREET,Center_2019-08_P_K2D5Q_H_232_Off_0.jpg,"(1, 1, 1, 1, 0.7091301083564758, -0.1929010777149504)",entrance=1 door=1 stairs=1 goodStairs=1 inFOV=True s_door=0.71 s_stairs=0.82 s_entr=0.71 dist=0.193
136-01ROCKAWAYBEACHBLVD,Center_2022-07_P_jyaNA_H_150_Off_0.jpg,"(1, 1, 0, 1, 0.2944971024990082, -0.04698653983523121)",entrance=1 door=1 stairs=0 goodStairs=0 inFOV=True s_door=0.29 s_stairs=0.00 s_entr=0.29 dist=0.047
136-03NEWPORTAVENUE,Side2_2022-07_P_jjqdg_H_300_Off_10.jpg,"(1, 1, 1, 1, 0.9086056351661682, -0.20128974733868532)",entrance=1 door=1 stairs=1 goodStairs=1 inFOV=True s_door=0.91 s_stairs=0.95 s_entr=0.91 dist=0.201
136-08ROCKAWAYBEACHBLVD,Side2_2024-10_P_6uhuw_H_358_Off_10.jpg,"(1, 1, 1, 1, 0.7179742455482483, -0.11931805885163131)",entrance=1 door=1 stairs=1 goodStairs=1 inFOV=True s_door=0.72 s_stairs=0.73 s_entr=0.72 dist=0.119
136-13NEWPORTAVENUE,Center_2022-07_P_xSXLg_H_155_Off_10.jpg,"(1, 1, 1, 1, 0.8588692545890808, -0.18349229022919603)",entrance=1 door=1 stairs=1 goodStairs=1 inFOV=True s_door=0.86 s_stairs=0.92 s_entr=0.86 dist=0.183
136-15ROCKAWAYBEACHBLVD,Side2_2022-07_P_cpR4A_H_103_Off_10.jpg,"(1, 1, 0, 1, 0.09344444423913956, -0.14508243383744174)",entrance=1 door=1 stairs=0 goodStairs=0 inFOV=True s_door=0.09 s_stairs=0.00 s_entr=0.09 dist=0.145
136-16ROCKAWAYBEACHBLVD,Side1_2022-07_P_5qT9w_H_44_Off_10.jpg,"(1, 1, 1, 1, 0.10168430209159851, -0.3014573313301659)",entrance=1 door=1 stairs=1 goodStairs=1 inFOV=True s_door=0.10 s_stairs=0.53 s_entr=0.10 dist=0.301
136-21NEWPORTAVENUE,Side1_2022-07_P_xBmLQ_H_15_Off_-10.jpg,"(1, 1, 0, 1, 0.6094449758529663, -0.123100887346442)",entrance=1 door=1 stairs=0 goodStairs=0 inFOV=True s_door=0.61 s_stairs=0.00 s_entr=0.61 dist=0.123
136BEACH134STREET,Side1_2007-09_P_BgwSg_H_27_Off_5.jpg,"(1, 1, 0, 1, 0.4351138174533844, -0.060294443132508674)",entrance=1 door=1 stairs=1 goodStairs=0 inFOV=True s_door=0.44 s_stairs=0.22 s_entr=0.44 dist=0.060
136BEACH135STREET,Center_2022-07_P_BO_QQ_H_55_Off_-10.jpg,"(1, 1, 1, 1, 0.9528395533561707, -0.23837422559790636)",entrance=1 door=1 stairs=1 goodStairs=1 inFOV=True s_door=0.95 s_stairs=0.96 s_entr=0.95 dist=0.238
136BEACH136STREET,Center_2019-08_P_qrEOA_H_63_Off_-5.jpg,"(1, 1, 1, 1, 0.8187192678451538, -0.04558542434166009)",entrance=1 door=1 stairs=1 goodStairs=1 inFOV=True s_door=0.82 s_stairs=0.97 s_entr=0.82 dist=0.046
136BEACH140STREET,Center_2019-08_P_FCVxg_H_69_Off_5.jpg,"(1, 1, 1, 1, 0.9479824900627136, -0.14501999674041974)",entrance=1 door=1 stairs=1 goodStairs=1 inFOV=True s_door=0.95 s_stairs=0.72 s_entr=0.95 dist=0.145
137-04ROCKAWAYBEACHBLVD,Center_2022-07_P__q-oQ_H_245_Off_-5.jpg,"(1, 1, 0, 1, 0.4955761730670929, -0.08381964525941282)",entrance=1 door=1 stairs=0 goodStairs=0 inFOV=True s_door=0.50 s_stairs=0.00 s_entr=0.50 dist=0.084
137-05NEWPORTAVENUE,Center_2022-07_P_OA--g_H_172_Off_5.jpg,"(1, 1, 1, 1, 0.8934692144393921, -0.22349168400373942)",entrance=1 door=1 stairs=1 goodStairs=1 inFOV=True s_door=0.89 s_stairs=0.83 s_entr=0.89 dist=0.223
137-07ROCKAWAYBEACHBLVD,Center_2022-07_P_KCPYw_H_139_Off_-10.jpg,"(1, 1, 1, 1, 0.8458919525146484, -0.1678806574161852)",entrance=1 door=1 stairs=1 goodStairs=1 inFOV=True s_door=0.85 s_stairs=0.97 s_entr=0.85 dist=0.168
137-08ROCKAWAYBEACHBLVD,Center_2024-10_P_vJp-w_H_330_Off_5.jpg,"(1, 1, 1, 1, 0.2642516791820526, -0.09598697139269004)",entrance=1 door=1 stairs=1 goodStairs=1 inFOV=True s_door=0.26 s_stairs=0.92 s_entr=0.26 dist=0.096
137-11ROCKAWAYBEACHBLVD,Center_2022-07_P_tFAbA_H_155_Off_5.jpg,"(1, 1, 1, 1, 0.8550059795379639, -0.14446207806140063)",entrance=1 door=1 stairs=1 goodStairs=1 inFOV=True s_door=0.86 s_stairs=0.94 s_entr=0.86 dist=0.144
137-14ROCKAWAYBEACHBLVD,Side1_2024-10_P_1AGjw_H_308_Off_-10.jpg,"(1, 1, 1, 1, 0.7381154298782349, -0.07070353653120019)",entrance=1 door=1 stairs=1 goodStairs=1 inFOV=True s_door=0.74 s_stairs=0.86 s_entr=0.74 dist=0.071
137-18ROCKAWAYBEACHBLVD,Center_2018-07_P_lAd2A_H_59_Off_-5.jpg,"(1, 1, 1, 1, 0.9745623469352722, -0.15628784140777705)",entrance=1 door=1 stairs=1 goodStairs=1 inFOV=True s_door=0.97 s_stairs=0.95 s_entr=0.97 dist=0.156
137BEACH131STREET,Side2_2019-08_P_zf9tQ_H_267_Off_-5.jpg,"(1, 1, 1, 1, 0.9260737895965576, -0.048263642198487874)",entrance=1 door=1 stairs=1 goodStairs=1 inFOV=True s_door=0.93 s_stairs=0.93 s_entr=0.93 dist=0.048
137BEACH140STREET,Side2_2019-08_P_fYoIg_H_253_Off_10.jpg,"(1, 1, 0, 1, 0.8765519261360168, -0.11974011820727248)",entrance=1 door=1 stairs=0 goodStairs=0 inFOV=True s_door=0.88 s_stairs=0.00 s_entr=0.88 dist=0.120
138-02ROCKAWAYBEACHBLVD,Side1_2024-10_P_yD1RQ_H_312_Off_5.jpg,"(1, 0, 1, 1, 0.8956267833709717, -0.15007179821787422)",entrance=1 door=0 stairs=1 goodStairs=1 inFOV=True s_door=0.00 s_stairs=0.90 s_entr=0.90 dist=0.150
138-12ROCKAWAYBEACHBLVD,Center_2018-07_P_waEvA_H_352_Off_10.jpg,"(1, 1, 1, 1, 0.7638340592384338, -0.09718099457768953)",entrance=1 door=1 stairs=1 goodStairs=1 inFOV=True s_door=0.76 s_stairs=0.95 s_entr=0.76 dist=0.097
138-15NEWPORTAVENUE,Center_2019-08_P_stxSw_H_155_Off_-10.jpg,"(1, 1, 1, 1, 0.9781084060668945, -0.15263888348473795)",entrance=1 door=1 stairs=1 goodStairs=1 inFOV=True s_door=0.98 s_stairs=0.90 s_entr=0.98 dist=0.153
138-15ROCKAWAYBEACHBLVD,Center_2018-07_P_rt2wA_H_147_Off_0.jpg,"(1, 1, 1, 1, 0.8483167290687561, -0.06419982730777143)",entrance=1 door=1 stairs=1 goodStairs=1 inFOV=True s_door=0.85 s_stairs=0.86 s_entr=0.85 dist=0.064
139-03NEWPORTAVENUE,Side1_2022-07_P_Hd_0g_H_125_Off_0.jpg,"(1, 1, 1, 1, 0.17537452280521393, -0.05006070119686561)",entrance=1 door=1 stairs=1 goodStairs=1 inFOV=True s_door=0.18 s_stairs=0.78 s_entr=0.18 dist=0.050
139-04ROCKAWAYBEACHBLVD,Side2_2013-01_P_jt2Mw_H_277_Off_-5.jpg,"(1, 1, 0, 1, 0.0882137343287468, -0.03557260362121422)",entrance=1 door=1 stairs=0 goodStairs=0 inFOV=True s_door=0.09 s_stairs=0.00 s_entr=0.09 dist=0.036
139-07ROCKAWAYBEACHBLVD,Side2_2022-07_P_XuFgA_H_171_Off_-5.jpg,"(1, 1, 0, 1, 0.8793160319328308, -0.03632641523092821)",entrance=1 door=1 stairs=0 goodStairs=0 inFOV=True s_door=0.88 s_stairs=0.00 s_entr=0.88 dist=0.036
139-11NEWPORTAVENUE,Center_2022-07_P_7LSyw_H_145_Off_-10.jpg,"(1, 1, 0, 1, 0.3613584339618683, -0.2520975909874892)",entrance=1 door=1 stairs=0 goodStairs=0 inFOV=True s_door=0.36 s_stairs=0.00 s_entr=0.36 dist=0.252
139-11ROCKAWAYBEACHBLVD,Center_2020-11_P_9dd6Q_H_152_Off_10.jpg,"(1, 1, 1, 1, 0.8975206613540649, -0.10152294987994598)",entrance=1 door=1 stairs=1 goodStairs=1 inFOV=True s_door=0.90 s_stairs=0.92 s_entr=0.90 dist=0.102
139-15NEWPORTAVENUE,Center_2022-07_P_URy4A_H_153_Off_0.jpg,"(1, 0, 1, 1, 0.9396800994873047, -0.08463551103381939)",entrance=1 door=0 stairs=1 goodStairs=1 inFOV=True s_door=0.00 s_stairs=0.94 s_entr=0.94 dist=0.085
139-15ROCKAWAYBEACHBLVD,Center_2020-11_P_raiyA_H_153_Off_10.jpg,"(1, 1, 1, 1, 0.9100649952888489, -0.13648698549201965)",entrance=1 door=1 stairs=1 goodStairs=1 inFOV=True s_door=0.91 s_stairs=0.98 s_entr=0.91 dist=0.136
139BEACH135STREET,Side1_2022-07_P_ZugcA_H_190_Off_-10.jpg,"(1, 1, 1, 1, 0.8136774897575378, -0.07514197107049783)",entrance=1 door=1 stairs=1 goodStairs=1 inFOV=True s_door=0.81 s_stairs=0.90 s_entr=0.81 dist=0.075
140-01ROCKAWAYBEACHBLVD,Side1_2022-07_P_u7v7w_H_135_Off_5.jpg,"(1, 1, 0, 1, 0.31336599588394165, -0.12319616568069734)",entrance=1 door=1 stairs=0 goodStairs=0 inFOV=True s_door=0.31 s_stairs=0.00 s_entr=0.31 dist=0.123
140-15NEWPORTAVENUE,Center_2019-08_P_UHqUA_H_165_Off_5.jpg,"(1, 0, 1, 1, 0.9595321416854858, -0.2465218211735156)",entrance=1 door=0 stairs=1 goodStairs=1 inFOV=True s_door=0.00 s_stairs=0.96 s_entr=0.96 dist=0.247
140-15ROCKAWAYBEACHBLVD,Side1_2022-07_P_h5kCw_H_37_Off_-5.jpg,"(1, 1, 1, 1, 0.8623053431510925, -0.27313701304477844)",entrance=1 door=1 stairs=1 goodStairs=1 inFOV=True s_door=0.86 s_stairs=0.63 s_entr=0.86 dist=0.273
140-16ROCKAWAYBEACHBLVD,Center_2022-07_P_hlQjA_H_332_Off_-10.jpg,"(1, 1, 1, 1, 0.8822039365768433, -0.007475789440302574)",entrance=1 door=1 stairs=1 goodStairs=1 inFOV=True s_door=0.88 s_stairs=0.74 s_entr=0.88 dist=0.007
140BEACH135STREET,Side2_2022-07_P_ZugcA_H_100_Off_-5.jpg,"(1, 1, 1, 1, 0.2829465866088867, -0.24166947668392322)",entrance=1 door=1 stairs=1 goodStairs=1 inFOV=True s_door=0.28 s_stairs=0.84 s_entr=0.28 dist=0.242
140BEACH139STREET,Side1_2022-07_P_ZYVyQ_H_112_Off_-5.jpg,"(1, 1, 0, 1, 0.8197392225265503, -0.1491544773221079)",entrance=1 door=1 stairs=0 goodStairs=0 inFOV=True s_door=0.82 s_stairs=0.00 s_entr=0.82 dist=0.149
140BEACH140STREET,Side2_2022-07_P_aE0wQ_H_80_Off_0.jpg,"(1, 1, 1, 1, 0.953632116317749, -0.023432541912117643)",entrance=1 door=1 stairs=1 goodStairs=1 inFOV=True s_door=0.95 s_stairs=0.96 s_entr=0.95 dist=0.023
140BEACH141STREET,Center_2022-07_P_bRAFQ_H_76_Off_5.jpg,"(1, 1, 1, 1, 0.6975441575050354, -0.041373935561084214)",entrance=1 door=1 stairs=1 goodStairs=1 inFOV=True s_door=0.70 s_stairs=0.96 s_entr=0.70 dist=0.041
141-01ROCKAWAYBEACHBLVD,Center_2022-07_P_A47Ig_H_252_Off_-5.jpg,"(1, 1, 1, 1, 0.8546719551086426, -0.18050152216453785)",entrance=1 door=1 stairs=1 goodStairs=1 inFOV=True s_door=0.85 s_stairs=0.72 s_entr=0.85 dist=0.181
141-04ROCKAWAYBEACHBLVD,Side1_2022-07_P_MX7tg_H_250_Off_-5.jpg,"(1, 1, 0, 1, 0.48228299617767334, -0.24970782509796402)",entrance=1 door=1 stairs=0 goodStairs=0 inFOV=True s_door=0.48 s_stairs=0.00 s_entr=0.48 dist=0.250
141-08ROCKAWAYBEACHBLVD,Center_2022-07_P_8aC_Q_H_310_Off_-10.jpg,"(1, 1, 0, 1, 0.9102244973182678, -0.06219152794016773)",entrance=1 door=1 stairs=1 goodStairs=0 inFOV=True s_door=0.91 s_stairs=0.30 s_entr=0.91 dist=0.062
141-16ROCKAWAYBEACHBLVD,Side1_2021-11_P_u6q1Q_H_43_Off_-5.jpg,"(1, 1, 0, 1, 0.6599413156509399, -0.1304620653004448)",entrance=1 door=1 stairs=0 goodStairs=0 inFOV=True s_door=0.66 s_stairs=0.00 s_entr=0.66 dist=0.130
141BEACH132STREET,Side1_2019-08_P_zg_Ow_H_239_Off_10.jpg,"(1, 1, 1, 1, 0.9177987575531006, -0.08590315470514953)",entrance=1 door=1 stairs=1 goodStairs=1 inFOV=True s_door=0.92 s_stairs=0.93 s_entr=0.92 dist=0.086
141BEACH140STREET,Center_2019-08_P_FCVxg_H_253_Off_5.jpg,"(1, 1, 1, 1, 0.9158527851104736, -0.2016476034083939)",entrance=1 door=1 stairs=1 goodStairs=1 inFOV=True s_door=0.92 s_stairs=0.94 s_entr=0.92 dist=0.202
143BEACH135STREET,Center_2022-07_P_z6ozg_H_258_Off_5.jpg,"(1, 1, 1, 1, 0.7925428748130798, -0.11159043486876052)",entrance=1 door=1 stairs=1 goodStairs=1 inFOV=True s_door=0.79 s_stairs=0.96 s_entr=0.79 dist=0.112
143BEACH141STREET,Center_2022-07_P_KEnOQ_H_269_Off_10.jpg,"(1, 1, 0, 1, 0.9351716041564941, -0.2110990950741065)",entrance=1 door=1 stairs=1 goodStairs=0 inFOV=True s_door=0.94 s_stairs=0.32 s_entr=0.94 dist=0.211
144BEACH131STREET,Side2_2019-08_P_Y5udw_H_88_Off_-10.jpg,"(1, 1, 1, 1, 0.45435631275177, -0.2858531898120816)",entrance=1 door=1 stairs=1 goodStairs=1 inFOV=True s_door=0.45 s_stairs=0.87 s_entr=0.45 dist=0.286
144BEACH135STREET,Side2_2022-07_P_ZugcA_H_81_Off_-5.jpg,"(1, 1, 1, 1, 0.809959352016449, -0.03321539091648669)",entrance=1 door=1 stairs=1 goodStairs=1 inFOV=True s_door=0.81 s_stairs=0.89 s_entr=0.81 dist=0.033
145BEACH131STREET,Center_2019-08_P_eu6ag_H_248_Off_10.jpg,"(1, 1, 1, 1, 0.818503737449646, -0.0663089064693552)",entrance=1 door=1 stairs=1 goodStairs=1 inFOV=True s_door=0.82 s_stairs=0.95 s_entr=0.82 dist=0.066
145BEACH132STREET,Side2_2019-08_P_bcjOA_H_261_Off_-10.jpg,"(1, 1, 1, 1, 0.47162872552871704, -0.12136100826552795)",entrance=1 door=1 stairs=1 goodStairs=1 inFOV=True s_door=0.47 s_stairs=0.91 s_entr=0.47 dist=0.121
145BEACH139STREET,Side2_2022-07_P_ZYVyQ_H_224_Off_0.jpg,"(1, 1, 0, 1, 0.5687184929847717, -0.2322866732445249)",entrance=1 door=1 stairs=0 goodStairs=0 inFOV=True s_door=0.57 s_stairs=0.00 s_entr=0.57 dist=0.232
145BEACH140STREET,Side2_2019-08_P_FCVxg_H_284_Off_0.jpg,"(1, 1, 1, 1, 0.9408332109451294, -0.2364872017290918)",entrance=1 door=1 stairs=1 goodStairs=1 inFOV=True s_door=0.94 s_stairs=0.94 s_entr=0.94 dist=0.236
146BEACH136STREET,Center_2019-08_P_BYAcA_H_68_Off_5.jpg,"(1, 1, 1, 1, 0.8721712827682495, -0.11334984506959643)",entrance=1 door=1 stairs=1 goodStairs=1 inFOV=True s_door=0.87 s_stairs=0.56 s_entr=0.87 dist=0.113
147BEACH130STREET,Side2_2022-07_P__MRlA_H_253_Off_-5.jpg,"(1, 1, 1, 1, 0.9550780653953552, -0.21678347237282952)",entrance=1 door=1 stairs=1 goodStairs=1 inFOV=True s_door=0.96 s_stairs=0.94 s_entr=0.96 dist=0.217
147BEACH131STREET,Center_2019-08_P_eu6ag_H_246_Off_5.jpg,"(1, 1, 1, 1, 0.6613444089889526, -0.05068002978101488)",entrance=1 door=1 stairs=1 goodStairs=1 inFOV=True s_door=0.66 s_stairs=0.97 s_entr=0.66 dist=0.051
147BEACH135STREET,Side2_2022-07_P_z6ozg_H_285_Off_5.jpg,"(1, 1, 1, 1, 0.8215891718864441, -0.18108066541383372)",entrance=1 door=1 stairs=1 goodStairs=1 inFOV=True s_door=0.82 s_stairs=0.95 s_entr=0.82 dist=0.181
147BEACH136STREET,Side2_2019-08_P_fmFPg_H_276_Off_-10.jpg,"(1, 1, 0, 1, 0.26483309268951416, -0.1679960162315163)",entrance=1 door=1 stairs=1 goodStairs=0 inFOV=True s_door=0.26 s_stairs=0.17 s_entr=0.26 dist=0.168
148BEACH131STREET,Center_2019-08_P_Y5udw_H_74_Off_5.jpg,"(1, 1, 1, 1, 0.7654256224632263, -0.12212120955384827)",entrance=1 door=1 stairs=1 goodStairs=1 inFOV=True s_door=0.77 s_stairs=0.82 s_entr=0.77 dist=0.122
148BEACH132STREET,Side1_2019-08_P_bcjOA_H_43_Off_5.jpg,"(1, 1, 1, 1, 0.9624775648117065, -0.21307014124018836)",entrance=1 door=1 stairs=1 goodStairs=1 inFOV=True s_door=0.96 s_stairs=0.98 s_entr=0.96 dist=0.213
148BEACH139STREET,Center_2022-07_P_6F0RA_H_77_Off_10.jpg,"(1, 1, 1, 1, 0.8839433193206787, -0.17680233192051092)",entrance=1 door=1 stairs=1 goodStairs=1 inFOV=True s_door=0.88 s_stairs=0.92 s_entr=0.88 dist=0.177
148BEACH140STREET,Side1_2022-07_P_EtAeQ_H_29_Off_0.jpg,"(1, 1, 1, 1, 0.9339046478271484, -0.1312787130086589)",entrance=1 door=1 stairs=1 goodStairs=1 inFOV=True s_door=0.93 s_stairs=0.99 s_entr=0.93 dist=0.131
149BEACH130STREET,Center_2022-07_P_xBj8w_H_253_Off_-5.jpg,"(1, 1, 1, 1, 0.6529439091682434, -0.12785057567866054)",entrance=1 door=1 stairs=1 goodStairs=1 inFOV=True s_door=0.65 s_stairs=0.93 s_entr=0.65 dist=0.128
149BEACH140STREET,Side1_2022-07_P_SgVkg_H_215_Off_0.jpg,"(1, 1, 1, 1, 0.9095730185508728, -0.15518770227080253)",entrance=1 door=1 stairs=1 goodStairs=1 inFOV=True s_door=0.91 s_stairs=0.84 s_entr=0.91 dist=0.155
149BEACH141STREET,Side2_2022-07_P_KEnOQ_H_275_Off_-5.jpg,"(1, 1, 0, 1, 0.9361586570739746, -0.28286433798499044)",entrance=1 door=1 stairs=1 goodStairs=0 inFOV=True s_door=0.94 s_stairs=0.15 s_entr=0.94 dist=0.283
150BEACH135STREET,Center_2022-07_P_44ZqQ_H_51_Off_-10.jpg,"(1, 1, 1, 1, 0.9785559177398682, -0.012554862115773564)",entrance=1 door=1 stairs=1 goodStairs=1 inFOV=True s_door=0.98 s_stairs=0.96 s_entr=0.98 dist=0.013
150BEACH140STREET,Side2_2022-07_P_O27aQ_H_85_Off_-5.jpg,"(1, 1, 1, 1, 0.6818180084228516, -0.3211791054108869)",entrance=1 door=1 stairs=1 goodStairs=1 inFOV=True s_door=0.68 s_stairs=0.59 s_entr=0.68 dist=0.321
150BEACH141STREET,Center_2022-07_P_fav3g_H_70_Off_0.jpg,"(1, 1, 1, 1, 0.33293256163597107, -0.13033993931540613)",entrance=1 door=1 stairs=1 goodStairs=1 inFOV=True s_door=0.33 s_stairs=0.98 s_entr=0.33 dist=0.130
151BEACH136STREET,Center_2019-08_P_2bpug_H_241_Off_-5.jpg,"(1, 1, 1, 1, 0.975646436214447, -0.18831243013309532)",entrance=1 door=1 stairs=1 goodStairs=1 inFOV=True s_door=0.98 s_stairs=0.92 s_entr=0.98 dist=0.188
152BEACH131STREET,Side1_2019-08_P_Y5udw_H_50_Off_5.jpg,"(1, 1, 1, 1, 0.726545512676239, -0.14505395451033543)",entrance=1 door=1 stairs=1 goodStairs=1 inFOV=True s_door=0.73 s_stairs=0.90 s_entr=0.73 dist=0.145
152BEACH132STREET,Center_2019-08_P_zSW7w_H_67_Off_-5.jpg,"(1, 1, 1, 1, 0.7074986100196838, -0.04258123981767508)",entrance=1 door=1 stairs=1 goodStairs=1 inFOV=True s_door=0.71 s_stairs=0.96 s_entr=0.71 dist=0.043
152BEACH139STREET,Center_2022-07_P_UL_yg_H_59_Off_0.jpg,"(1, 1, 1, 1, 0.9018967747688293, -0.07170988702153613)",entrance=1 door=1 stairs=1 goodStairs=1 inFOV=True s_door=0.90 s_stairs=0.99 s_entr=0.90 dist=0.072
153BEACH130STREET,Side1_2022-07_P_oNSyw_H_219_Off_5.jpg,"(1, 1, 1, 1, 0.8292216658592224, -0.0654379402979359)",entrance=1 door=1 stairs=1 goodStairs=1 inFOV=True s_door=0.83 s_stairs=0.96 s_entr=0.83 dist=0.065
153BEACH131STREET,Center_2019-08_P_kf8mw_H_244_Off_5.jpg,"(1, 1, 1, 1, 0.8530412316322327, -0.12486774782586055)",entrance=1 door=1 stairs=1 goodStairs=1 inFOV=True s_door=0.85 s_stairs=0.90 s_entr=0.85 dist=0.125
153BEACH132STREET,Side1_2019-08_P_0bCcg_H_208_Off_0.jpg,"(1, 1, 0, 1, 0.8529796004295349, -0.1672705424760646)",entrance=1 door=1 stairs=1 goodStairs=0 inFOV=True s_door=0.85 s_stairs=0.15 s_entr=0.85 dist=0.167
153BEACH135STREET,Side1_2022-07_P_Jax4g_H_220_Off_5.jpg,"(1, 1, 1, 1, 0.9473565220832825, -0.24536032935400476)",entrance=1 door=1 stairs=1 goodStairs=1 inFOV=True s_door=0.95 s_stairs=0.97 s_entr=0.95 dist=0.245
153BEACH140STREET,Center_2022-07_P_SgVkg_H_229_Off_-10.jpg,"(1, 1, 1, 1, 0.9651422500610352, -0.20229427020462068)",entrance=1 door=1 stairs=1 goodStairs=1 inFOV=True s_door=0.97 s_stairs=0.96 s_entr=0.97 dist=0.202
154BEACH141STREET,Center_2022-07_P_oFpUw_H_59_Off_5.jpg,"(1, 1, 1, 1, 0.9525949358940125, -0.004670207804448523)",entrance=1 door=1 stairs=1 goodStairs=1 inFOV=True s_door=0.95 s_stairs=0.99 s_entr=0.95 dist=0.005
156BEACH131STREET,Center_2019-08_P_VMJ5w_H_88_Off_10.jpg,"(1, 1, 1, 1, 0.8610000610351562, -0.04590290438938071)",entrance=1 door=1 stairs=1 goodStairs=1 inFOV=True s_door=0.86 s_stairs=0.86 s_entr=0.86 dist=0.046
156BEACH132STREET,Side1_2019-08_P_Ilgaw_H_45_Off_-5.jpg,"(1, 1, 1, 1, 0.9392026662826538, -0.06364674372758149)",entrance=1 door=1 stairs=1 goodStairs=1 inFOV=True s_door=0.94 s_stairs=0.97 s_entr=0.94 dist=0.064
156BEACH135STREET,Side1_2022-07_P_44ZqQ_H_27_Off_0.jpg,"(1, 1, 1, 1, 0.9577555060386658, -0.26891500517308975)",entrance=1 door=1 stairs=1 goodStairs=1 inFOV=True s_door=0.96 s_stairs=0.95 s_entr=0.96 dist=0.269
156BEACH139STREET,Side2_2022-07_P_Nb8pQ_H_85_Off_5.jpg,"(1, 1, 1, 1, 0.953027606010437, -0.06901031319746256)",entrance=1 door=1 stairs=1 goodStairs=1 inFOV=True s_door=0.95 s_stairs=0.98 s_entr=0.95 dist=0.069
156BEACH140STREET,Center_2022-07_P_O27aQ_H_58_Off_0.jpg,"(1, 1, 1, 1, 0.9628454446792603, -0.01283388136572476)",entrance=1 door=1 stairs=1 goodStairs=1 inFOV=True s_door=0.96 s_stairs=0.91 s_entr=0.96 dist=0.013
156BEACH141STREET,Side2_2022-07_P_gWlNQ_H_77_Off_-10.jpg,"(1, 1, 1, 1, 0.9369986653327942, -0.1488667230025662)",entrance=1 door=1 stairs=1 goodStairs=1 inFOV=True s_door=0.94 s_stairs=0.97 s_entr=0.94 dist=0.149
157BEACH130STREET,Center_2022-07_P_oNSyw_H_246_Off_5.jpg,"(1, 1, 1, 1, 0.9634668231010437, -0.04614396943456558)",entrance=1 door=1 stairs=1 goodStairs=1 inFOV=True s_door=0.96 s_stairs=0.97 s_entr=0.96 dist=0.046
157BEACH135STREET,Center_2022-07_P_Jax4g_H_250_Off_-5.jpg,"(1, 1, 1, 1, 0.9606555700302124, -0.0928805339432856)",entrance=1 door=1 stairs=1 goodStairs=1 inFOV=True s_door=0.96 s_stairs=0.98 s_entr=0.96 dist=0.093
157BEACH139STREET,Center_2022-07_P_xlzhw_H_243_Off_-10.jpg,"(1, 1, 1, 1, 0.9504313468933105, -0.13596621128922778)",entrance=1 door=1 stairs=1 goodStairs=1 inFOV=True s_door=0.95 s_stairs=0.64 s_entr=0.95 dist=0.136
157BEACH140STREET,Side2_2022-07_P_SgVkg_H_268_Off_-5.jpg,"(1, 1, 1, 1, 0.9650476574897766, -0.23551747598987666)",entrance=1 door=1 stairs=1 goodStairs=1 inFOV=True s_door=0.97 s_stairs=0.94 s_entr=0.97 dist=0.236
158BEACH136STREET,Center_2019-08_P_lwzYw_H_61_Off_-5.jpg,"(1, 1, 0, 1, 0.9438909292221069, -0.15907464481968794)",entrance=1 door=1 stairs=0 goodStairs=0 inFOV=True s_door=0.94 s_stairs=0.00 s_entr=0.94 dist=0.159
159BEACH131STREET,Side2_2019-08_P_kf8mw_H_282_Off_-10.jpg,"(1, 1, 0, 1, 0.12898191809654236, -0.03748926965035477)",entrance=1 door=1 stairs=0 goodStairs=0 inFOV=True s_door=0.13 s_stairs=0.00 s_entr=0.13 dist=0.037
159BEACH141STREET,Center_2022-07_P_QjG-Q_H_242_Off_-5.jpg,"(1, 1, 1, 1, 0.9269434213638306, -0.06956289245902066)",entrance=1 door=1 stairs=1 goodStairs=1 inFOV=True s_door=0.93 s_stairs=0.96 s_entr=0.93 dist=0.070
160BEACH131STREET,Side2_2019-08_P_6LBcw_H_101_Off_5.jpg,"(1, 1, 1, 1, 0.36273130774497986, -0.051522215266690055)",entrance=1 door=1 stairs=1 goodStairs=1 inFOV=True s_door=0.36 s_stairs=0.56 s_entr=0.36 dist=0.052
160BEACH139STREET,Side2_2022-07_P_xZxfA_H_95_Off_0.jpg,"(1, 1, 1, 1, 0.8588573932647705, -0.2972355930424908)",entrance=1 door=1 stairs=1 goodStairs=1 inFOV=True s_door=0.86 s_stairs=0.95 s_entr=0.86 dist=0.297
160BEACH141STREET,Center_2022-07_P_gWlNQ_H_49_Off_-10.jpg,"(1, 1, 1, 1, 0.9214229583740234, -0.05497570162260994)",entrance=1 door=1 stairs=1 goodStairs=1 inFOV=True s_door=0.92 s_stairs=0.95 s_entr=0.92 dist=0.055
162BEACH132STREET,Center_2019-08_P_2fzaw_H_73_Off_5.jpg,"(1, 1, 1, 1, 0.9523150324821472, -0.2394103401383443)",entrance=1 door=1 stairs=1 goodStairs=1 inFOV=True s_door=0.95 s_stairs=0.97 s_entr=0.95 dist=0.239
163BEACH132STREET,Center_2019-08_P_TZ3EQ_H_250_Off_-5.jpg,"(1, 1, 1, 1, 0.7435896396636963, -0.14131451269877549)",entrance=1 door=1 stairs=1 goodStairs=1 inFOV=True s_door=0.74 s_stairs=0.68 s_entr=0.74 dist=0.141
163BEACH135STREET,Center_2022-07_P_3zySg_H_251_Off_10.jpg,"(1, 1, 1, 1, 0.8547399044036865, -0.04845495568177642)",entrance=1 door=1 stairs=1 goodStairs=1 inFOV=True s_door=0.85 s_stairs=0.95 s_entr=0.85 dist=0.048
163BEACH139STREET,Side1_2022-07_P_dekTA_H_232_Off_0.jpg,"(1, 1, 1, 1, 0.9611673355102539, -0.12875655315811732)",entrance=1 door=1 stairs=1 goodStairs=1 inFOV=True s_door=0.96 s_stairs=0.96 s_entr=0.96 dist=0.129
164BEACH131STREET,Center_2019-08_P_6LBcw_H_83_Off_10.jpg,"(1, 1, 1, 1, 0.91886305809021, -0.20845277688617658)",entrance=1 door=1 stairs=1 goodStairs=1 inFOV=True s_door=0.92 s_stairs=0.96 s_entr=0.92 dist=0.208
164BEACH139STREET,Center_2022-07_P_xZxfA_H_69_Off_5.jpg,"(1, 1, 1, 1, 0.9347848892211914, -0.01168518082423999)",entrance=1 door=1 stairs=1 goodStairs=1 inFOV=True s_door=0.93 s_stairs=0.97 s_entr=0.93 dist=0.012
164BEACH141STREET,Center_2022-07_P_Tu8gQ_H_86_Off_10.jpg,"(1, 1, 1, 1, 0.7068745493888855, -0.1029403309249279)",entrance=1 door=1 stairs=1 goodStairs=1 inFOV=True s_door=0.71 s_stairs=0.90 s_entr=0.71 dist=0.103
165BEACH136STREET,Center_2019-08_P_JukrA_H_253_Off_-5.jpg,"(1, 1, 1, 1, 0.8820725679397583, -0.16581028121870564)",entrance=1 door=1 stairs=1 goodStairs=1 inFOV=True s_door=0.88 s_stairs=0.52 s_entr=0.88 dist=0.166
167BEACH130STREET,Side2_2022-07_P_tlTyg_H_266_Off_0.jpg,"(1, 1, 1, 1, 0.9198246002197266, -0.2341178345035114)",entrance=1 door=1 stairs=1 goodStairs=1 inFOV=True s_door=0.92 s_stairs=0.98 s_entr=0.92 dist=0.234
167BEACH132STREET,Side1_2019-08_P_2fzaw_H_237_Off_10.jpg,"(1, 1, 1, 1, 0.9701212048530579, -0.21224357243098985)",entrance=1 door=1 stairs=1 goodStairs=1 inFOV=True s_door=0.97 s_stairs=0.98 s_entr=0.97 dist=0.212
167BEACH135STREET,Center_2022-07_P_cfuXA_H_254_Off_5.jpg,"(1, 1, 1, 1, 0.7570832371711731, -0.20744559187295564)",entrance=1 door=1 stairs=1 goodStairs=1 inFOV=True s_door=0.76 s_stairs=0.93 s_entr=0.76 dist=0.207
167BEACH139STREET,Center_2022-07_P_M64Hg_H_235_Off_-10.jpg,"(1, 1, 1, 1, 0.9488645792007446, -0.1306743337352012)",entrance=1 door=1 stairs=1 goodStairs=1 inFOV=True s_door=0.95 s_stairs=0.91 s_entr=0.95 dist=0.131
167BEACH140STREET,Side2_2022-07_P_6-Fjw_H_298_Off_5.jpg,"(1, 1, 1, 1, 0.22441303730010986, -0.010854701980176053)",entrance=1 door=1 stairs=1 goodStairs=1 inFOV=True s_door=0.22 s_stairs=0.66 s_entr=0.22 dist=0.011
168BEACH135STREET,Center_2022-07_P_qXaxQ_H_50_Off_-10.jpg,"(1, 1, 1, 1, 0.9505214095115662, -0.0428969403942917)",entrance=1 door=1 stairs=1 goodStairs=1 inFOV=True s_door=0.95 s_stairs=0.92 s_entr=0.95 dist=0.043
168BEACH139STREET,Side1_2022-07_P_xZxfA_H_33_Off_-5.jpg,"(1, 1, 0, 1, 0.7273900508880615, -0.07581027939941509)",entrance=1 door=1 stairs=0 goodStairs=0 inFOV=True s_door=0.73 s_stairs=0.00 s_entr=0.73 dist=0.076
168BEACH140STREET,Center_2019-08_P_aFNgw_H_75_Off_10.jpg,"(1, 1, 1, 1, 0.9781699180603027, -0.025470997321199354)",entrance=1 door=1 stairs=1 goodStairs=1 inFOV=True s_door=0.98 s_stairs=0.97 s_entr=0.98 dist=0.025
168BEACH141STREET,Center_2022-07_P_E3LnQ_H_70_Off_-10.jpg,"(1, 1, 1, 1, 0.9632399082183838, -0.19365264414750344)",entrance=1 door=1 stairs=1 goodStairs=1 inFOV=True s_door=0.96 s_stairs=0.90 s_entr=0.96 dist=0.194
169BEACH141STREET,Center_2022-07_P_Tu8gQ_H_245_Off_-5.jpg,"(1, 1, 1, 1, 0.9625220894813538, -0.21152915239580553)",entrance=1 door=1 stairs=1 goodStairs=1 inFOV=True s_door=0.96 s_stairs=0.81 s_entr=0.96 dist=0.212
171BEACH136STREET,Side1_2019-08_P_Pr5ag_H_229_Off_0.jpg,"(1, 1, 1, 1, 0.9475817680358887, -0.12230369026165377)",entrance=1 door=1 stairs=1 goodStairs=1 inFOV=True s_door=0.95 s_stairs=0.94 s_entr=0.95 dist=0.122
172BEACH136STREET,Center_2019-08_P_1iahQ_H_59_Off_0.jpg,"(1, 1, 1, 1, 0.9309279918670654, -0.02395420230068209)",entrance=1 door=1 stairs=1 goodStairs=1 inFOV=True s_door=0.93 s_stairs=0.97 s_entr=0.93 dist=0.024
172BEACH139STREET,Side2_2022-07_P_dh8lg_H_76_Off_-10.jpg,"(1, 1, 1, 1, 0.1363796889781952, -0.28010805302039204)",entrance=1 door=1 stairs=1 goodStairs=1 inFOV=True s_door=0.14 s_stairs=0.62 s_entr=0.14 dist=0.280
173BEACH134STREET,Center_2007-09_P_OX03w_H_256_Off_5.jpg,"(1, 1, 1, 1, 0.7362533211708069, -0.1124963654524174)",entrance=1 door=1 stairs=1 goodStairs=1 inFOV=True s_door=0.74 s_stairs=0.93 s_entr=0.74 dist=0.112
173BEACH139STREET,Side1_2022-07_P_glPGg_H_225_Off_10.jpg,"(1, 1, 0, 1, 0.26301756501197815, -0.33201607915922127)",entrance=1 door=1 stairs=0 goodStairs=0 inFOV=True s_door=0.26 s_stairs=0.00 s_entr=0.26 dist=0.332
173BEACH140STREET,Center_2022-07_P_8frIA_H_241_Off_-5.jpg,"(1, 1, 1, 1, 0.9658872485160828, -0.12007599047354739)",entrance=1 door=1 stairs=1 goodStairs=1 inFOV=True s_door=0.97 s_stairs=0.96 s_entr=0.97 dist=0.120
174BEACH135STREET,Side1_2022-07_P_cfuXA_H_39_Off_-5.jpg,"(1, 1, 1, 1, 0.39886215329170227, -0.0997077807636454)",entrance=1 door=1 stairs=1 goodStairs=1 inFOV=True s_door=0.40 s_stairs=0.68 s_entr=0.40 dist=0.100
174BEACH136STREET,Center_2019-08_P_uRR3A_H_57_Off_-5.jpg,"(1, 1, 1, 1, 0.9331093430519104, -0.0792404165239768)",entrance=1 door=1 stairs=1 goodStairs=1 inFOV=True s_door=0.93 s_stairs=0.95 s_entr=0.93 dist=0.079
174BEACH141STREET,Center_2022-07_P_A_9ug_H_66_Off_10.jpg,"(1, 1, 1, 1, 0.8692594766616821, -0.13016679012041782)",entrance=1 door=1 stairs=1 goodStairs=1 inFOV=True s_door=0.87 s_stairs=0.98 s_entr=0.87 dist=0.130
175BEACH132STREET,Center_2019-08_P_-e4ow_H_263_Off_5.jpg,"(1, 1, 1, 1, 0.7816055417060852, -0.02779957930200005)",entrance=1 door=1 stairs=1 goodStairs=1 inFOV=True s_door=0.78 s_stairs=0.97 s_entr=0.78 dist=0.028
175BEACH135STREET,Center_2022-07_P_lnkBA_H_242_Off_0.jpg,"(1, 1, 1, 1, 0.3846158981323242, -0.1721687043141045)",entrance=1 door=1 stairs=1 goodStairs=1 inFOV=True s_door=0.38 s_stairs=0.94 s_entr=0.38 dist=0.172
175BEACH141STREET,Side1_2022-07_P_TFv6Q_H_224_Off_10.jpg,"(1, 1, 1, 1, 0.9640809297561646, -0.2133315615780178)",entrance=1 door=1 stairs=1 goodStairs=1 inFOV=True s_door=0.96 s_stairs=0.96 s_entr=0.96 dist=0.213
176BEACH139STREET,Side2_2022-07_P_glPGg_H_77_Off_-5.jpg,"(1, 1, 1, 1, 0.5238454937934875, -0.06738197262491025)",entrance=1 door=1 stairs=1 goodStairs=1 inFOV=True s_door=0.52 s_stairs=0.63 s_entr=0.52 dist=0.067
176BEACH140STREET,Side2_2022-07_P_N9ITw_H_98_Off_10.jpg,"(1, 1, 1, 1, 0.8991672992706299, -0.05974599741329131)",entrance=1 door=1 stairs=1 goodStairs=1 inFOV=True s_door=0.90 s_stairs=0.95 s_entr=0.90 dist=0.060
177BEACH131STREET,Side1_2012-10_P__ngUQ_H_233_Off_10.jpg,"(1, 1, 1, 1, 0.5405328869819641, -0.203081585554151)",entrance=1 door=1 stairs=1 goodStairs=1 inFOV=True s_door=0.54 s_stairs=0.91 s_entr=0.54 dist=0.203
177BEACH140STREET,Side2_2022-07_P_8frIA_H_255_Off_0.jpg,"(1, 1, 1, 1, 0.964391827583313, -0.027471187487891457)",entrance=1 door=1 stairs=1 goodStairs=1 inFOV=True s_door=0.96 s_stairs=0.97 s_entr=0.96 dist=0.027
177BEACH141STREET,Center_2022-07_P_TFv6Q_H_233_Off_-10.jpg,"(1, 1, 1, 1, 0.9681524038314819, -0.11439524286768371)",entrance=1 door=1 stairs=1 goodStairs=1 inFOV=True s_door=0.97 s_stairs=0.95 s_entr=0.97 dist=0.114
178BEACH135STREET,Center_2022-07_P_lnkBA_H_52_Off_0.jpg,"(1, 1, 1, 1, 0.8444732427597046, -0.03656978230640945)",entrance=1 door=1 stairs=1 goodStairs=1 inFOV=True s_door=0.84 s_stairs=0.97 s_entr=0.84 dist=0.037
178BEACH138STREET,Center_2022-07_P_5W1aw_H_67_Off_10.jpg,"(1, 1, 1, 1, 0.7014694809913635, -0.1561088586799387)",entrance=1 door=1 stairs=1 goodStairs=1 inFOV=True s_door=0.70 s_stairs=0.88 s_entr=0.70 dist=0.156
179BEACH139STREET,Side1_2022-07_P_xpvng_H_222_Off_-10.jpg,"(1, 1, 1, 1, 0.9724394679069519, -0.07451432615136366)",entrance=1 door=1 stairs=1 goodStairs=1 inFOV=True s_door=0.97 s_stairs=0.55 s_entr=0.97 dist=0.075
180BEACH139STREET,Side2_2022-07_P_xpvng_H_82_Off_0.jpg,"(1, 1, 0, 1, 0.12852561473846436, -0.020159689630247044)",entrance=1 door=1 stairs=0 goodStairs=0 inFOV=True s_door=0.13 s_stairs=0.00 s_entr=0.13 dist=0.020
180BEACH140STREET,Center_2022-07_P_N9ITw_H_68_Off_5.jpg,"(1, 1, 1, 1, 0.76910799741745, -0.2814305096246179)",entrance=1 door=1 stairs=1 goodStairs=1 inFOV=True s_door=0.77 s_stairs=0.71 s_entr=0.77 dist=0.281
180BEACH141STREET,Center_2022-07_P_Nwg2Q_H_73_Off_10.jpg,"(1, 1, 1, 1, 0.9413511753082275, -0.10600788073975047)",entrance=1 door=1 stairs=1 goodStairs=1 inFOV=True s_door=0.94 s_stairs=0.95 s_entr=0.94 dist=0.106
181BEACH132STREET,Side1_2022-07_P_QVvtg_H_222_Off_10.jpg,"(1, 1, 0, 1, 0.09510135650634766, -0.029711025119798364)",entrance=1 door=1 stairs=1 goodStairs=0 inFOV=True s_door=0.10 s_stairs=0.33 s_entr=0.10 dist=0.030
181BEACH136STREET,Center_2019-08_P_QwYSw_H_249_Off_0.jpg,"(1, 1, 1, 1, 0.9558026790618896, -0.12264930838851987)",entrance=1 door=1 stairs=1 goodStairs=1 inFOV=True s_door=0.96 s_stairs=0.95 s_entr=0.96 dist=0.123
181BEACH137THSTREET,Side1_2022-07_P__zpAg_H_235_Off_5.jpg,"(1, 1, 1, 1, 0.865726888179779, -0.10583737107273544)",entrance=1 door=1 stairs=1 goodStairs=1 inFOV=True s_door=0.87 s_stairs=0.75 s_entr=0.87 dist=0.106
181BEACH140STREET,Side2_2022-07_P_N9ITw_H_273_Off_5.jpg,"(1, 1, 0, 1, 0.16723844408988953, -0.1390929358888192)",entrance=1 door=1 stairs=0 goodStairs=0 inFOV=True s_door=0.17 s_stairs=0.00 s_entr=0.17 dist=0.139
182BEACH135STREET,Side2_2022-07_P_zkMXw_H_78_Off_-10.jpg,"(1, 1, 1, 1, 0.9004974961280823, -0.07982224386725788)",entrance=1 door=1 stairs=1 goodStairs=1 inFOV=True s_door=0.90 s_stairs=0.94 s_entr=0.90 dist=0.080
182BEACH138STREET,Side2_2022-07_P_yKRLg_H_104_Off_10.jpg,"(1, 1, 1, 1, 0.977766752243042, -0.027232958882447863)",entrance=1 door=1 stairs=1 goodStairs=1 inFOV=True s_door=0.98 s_stairs=0.90 s_entr=0.98 dist=0.027
183BEACH141STREET,Center_2022-07_P_1Q64Q_H_242_Off_0.jpg,"(1, 1, 1, 1, 0.225083127617836, -0.22813242216630938)",entrance=1 door=1 stairs=1 goodStairs=1 inFOV=True s_door=0.23 s_stairs=0.93 s_entr=0.23 dist=0.228
184BEACH131STREET,Center_2012-10_P_9Rh_A_H_72_Off_5.jpg,"(1, 1, 1, 1, 0.981590747833252, -0.11317048313934262)",entrance=1 door=1 stairs=1 goodStairs=1 inFOV=True s_door=0.98 s_stairs=0.97 s_entr=0.98 dist=0.113
184BEACH139STREET,Side1_2022-07_P_glPGg_H_41_Off_10.jpg,"(1, 1, 1, 1, 0.1739833950996399, -0.13990676395455562)",entrance=1 door=1 stairs=1 goodStairs=1 inFOV=True s_door=0.17 s_stairs=0.88 s_entr=0.17 dist=0.140
184BEACH140STREET,Side2_2022-07_P_7uUXw_H_79_Off_0.jpg,"(1, 1, 1, 1, 0.9662601947784424, -0.040540786802613395)",entrance=1 door=1 stairs=1 goodStairs=1 inFOV=True s_door=0.97 s_stairs=0.92 s_entr=0.97 dist=0.041
185BEACH130STREET,Center_2022-07_P_ZkXYQ_H_246_Off_10.jpg,"(1, 1, 1, 1, 0.831020712852478, -0.1584321119752607)",entrance=1 door=1 stairs=1 goodStairs=1 inFOV=True s_door=0.83 s_stairs=0.94 s_entr=0.83 dist=0.158
185BEACH139STREET,Side2_2022-07_P_glPGg_H_291_Off_-5.jpg,"(1, 1, 0, 1, 0.33679232001304626, -0.23140870534913568)",entrance=1 door=1 stairs=0 goodStairs=0 inFOV=True s_door=0.34 s_stairs=0.00 s_entr=0.34 dist=0.231
185BEACH140STREET,Center_2022-07_P_7uUXw_H_251_Off_10.jpg,"(1, 1, 1, 1, 0.9300084114074707, -0.10016026150959648)",entrance=1 door=1 stairs=1 goodStairs=1 inFOV=True s_door=0.93 s_stairs=0.98 s_entr=0.93 dist=0.100
186BEACH135STREET,Side1_2022-07_P_zkMXw_H_38_Off_-5.jpg,"(1, 1, 1, 1, 0.9272992014884949, -0.17684060557824838)",entrance=1 door=1 stairs=1 goodStairs=1 inFOV=True s_door=0.93 s_stairs=0.99 s_entr=0.93 dist=0.177
187BEACH131STREET,Center_2012-10_P_-Lo1Q_H_264_Off_5.jpg,"(1, 1, 0, 1, 0.8255413770675659, -0.03569812493492271)",entrance=1 door=1 stairs=0 goodStairs=0 inFOV=True s_door=0.83 s_stairs=0.00 s_entr=0.83 dist=0.036
187BEACH135STREET,Center_2022-07_P_H9qlg_H_258_Off_0.jpg,"(1, 1, 1, 1, 0.9450619220733643, -0.04947289168946947)",entrance=1 door=1 stairs=1 goodStairs=1 inFOV=True s_door=0.95 s_stairs=0.96 s_entr=0.95 dist=0.049
187BEACH136STREET,Center_2019-08_P_5kHTQ_H_228_Off_-10.jpg,"(1, 1, 1, 1, 0.8053992986679077, -0.09149347051291096)",entrance=1 door=1 stairs=1 goodStairs=1 inFOV=True s_door=0.81 s_stairs=0.76 s_entr=0.81 dist=0.091
187BEACH140STREET,Side2_2022-07_P_7uUXw_H_268_Off_5.jpg,"(1, 1, 1, 1, 0.8980565667152405, -0.07851148219666514)",entrance=1 door=1 stairs=1 goodStairs=1 inFOV=True s_door=0.90 s_stairs=0.98 s_entr=0.90 dist=0.079
187BEACH141STREET,Side1_2022-07_P_h5kCw_H_235_Off_5.jpg,"(1, 1, 1, 1, 0.9765878319740295, -0.13722901793277273)",entrance=1 door=1 stairs=1 goodStairs=1 inFOV=True s_door=0.98 s_stairs=0.98 s_entr=0.98 dist=0.137
188BEACH140STREET,Side2_2022-07_P_mBX9g_H_101_Off_0.jpg,"(1, 1, 1, 1, 0.9198907613754272, -0.18243538745393734)",entrance=1 door=1 stairs=1 goodStairs=1 inFOV=True s_door=0.92 s_stairs=0.96 s_entr=0.92 dist=0.182
188BEACH141STREET,Side1_2022-07_P_Nwg2Q_H_42_Off_-5.jpg,"(1, 1, 1, 1, 0.9088073372840881, -0.23974875661616185)",entrance=1 door=1 stairs=1 goodStairs=1 inFOV=True s_door=0.91 s_stairs=0.96 s_entr=0.91 dist=0.240
189BEACH141STREET,Side2_2022-07_P_qGsPA_H_282_Off_5.jpg,"(1, 1, 1, 1, 0.9415267705917358, -0.17544130413395562)",entrance=1 door=1 stairs=1 goodStairs=1 inFOV=True s_door=0.94 s_stairs=0.95 s_entr=0.94 dist=0.175
190BEACH131STREET,Center_2012-10_P_-Lo1Q_H_66_Off_5.jpg,"(1, 1, 1, 1, 0.13404156267642975, -0.21232295999671258)",entrance=1 door=1 stairs=1 goodStairs=1 inFOV=True s_door=0.13 s_stairs=0.95 s_entr=0.13 dist=0.212
190BEACH132STREET,Side1_2022-07_P_QVvtg_H_23_Off_-10.jpg,"(1, 1, 1, 1, 0.7544385194778442, -0.029684682552242773)",entrance=1 door=1 stairs=1 goodStairs=1 inFOV=True s_door=0.75 s_stairs=0.96 s_entr=0.75 dist=0.030
192BEACH139STREET,Side2_2022-07_P_xpvng_H_26_Off_10.jpg,"(1, 1, 1, 1, 0.1788402944803238, -0.23214192570071038)",entrance=1 door=1 stairs=1 goodStairs=1 inFOV=True s_door=0.18 s_stairs=0.92 s_entr=0.18 dist=0.232
192BEACH140STREET,Center_2022-07_P_mBX9g_H_72_Off_-5.jpg,"(1, 1, 1, 1, 0.9516852498054504, -0.13907968657549577)",entrance=1 door=1 stairs=1 goodStairs=1 inFOV=True s_door=0.95 s_stairs=0.96 s_entr=0.95 dist=0.139
194BEACH132STREET,Side1_2022-07_P_QVvtg_H_20_Off_-10.jpg,"(1, 1, 1, 1, 0.8185333609580994, -0.02231015288544202)",entrance=1 door=1 stairs=1 goodStairs=1 inFOV=True s_door=0.82 s_stairs=0.94 s_entr=0.82 dist=0.022
194BEACH141STREET,Center_2022-07_P_h5kCw_H_46_Off_-10.jpg,"(1, 1, 1, 1, 0.9775360226631165, -0.168917208589756)",entrance=1 door=1 stairs=1 goodStairs=1 inFOV=True s_door=0.98 s_stairs=0.89 s_entr=0.98 dist=0.169
196BEACH131STREET,Side1_2012-10_P_RttrA_H_48_Off_-5.jpg,"(1, 0, 0, 1, 0.10601752996444702, -0.32508557864867593)",entrance=1 door=0 stairs=1 goodStairs=0 inFOV=True s_door=0.00 s_stairs=0.11 s_entr=0.11 dist=0.325
196BEACH139STREET,Center_2018-07_P_rt2wA_H_149_Off_-5.jpg,"(1, 1, 1, 1, 0.8370735049247742, -0.04797252797581274)",entrance=1 door=1 stairs=1 goodStairs=1 inFOV=True s_door=0.84 s_stairs=0.92 s_entr=0.84 dist=0.048
196BEACH140STREET,Center_2022-07_P_o5FRA_H_66_Off_0.jpg,"(1, 1, 1, 1, 0.980472981929779, -0.016351724093120076)",entrance=1 door=1 stairs=1 goodStairs=1 inFOV=True s_door=0.98 s_stairs=0.91 s_entr=0.98 dist=0.016
197BEACH139STREET,Side1_2022-07_P_XuFgA_H_144_Off_5.jpg,"(1, 1, 0, 1, 0.37883487343788147, -0.19334244151820468)",entrance=1 door=1 stairs=0 goodStairs=0 inFOV=True s_door=0.38 s_stairs=0.00 s_entr=0.38 dist=0.193
198BEACH132STREET,Center_2022-07_P_lU4cA_H_62_Off_5.jpg,"(1, 1, 1, 1, 0.9209460020065308, -0.05917426688911011)",entrance=1 door=1 stairs=1 goodStairs=1 inFOV=True s_door=0.92 s_stairs=0.99 s_entr=0.92 dist=0.059
2-02BEACH133STREET,Center_2022-07_P_T36hA_H_62_Off_0.jpg,"(1, 1, 1, 1, 0.7815484404563904, -0.01556097241613282)",entrance=1 door=1 stairs=1 goodStairs=1 inFOV=True s_door=0.78 s_stairs=0.92 s_entr=0.78 dist=0.016
2-09BEACH138STREET,Side1_2018-07_P_96bHA_H_217_Off_5.jpg,"(1, 1, 1, 1, 0.6461976766586304, -0.03135266678424378)",entrance=1 door=1 stairs=1 goodStairs=1 inFOV=True s_door=0.65 s_stairs=0.95 s_entr=0.65 dist=0.031
2-10BEACH137STREET,Side2_2024-10_P_RMwvw_H_1_Off_-5.jpg,"(1, 1, 1, 1, 0.9459795355796814, -0.29619032598612)",entrance=1 door=1 stairs=1 goodStairs=1 inFOV=True s_door=0.95 s_stairs=0.92 s_entr=0.95 dist=0.296
2-10BEACH142STREET,Center_2022-07_P_iL_8A_H_43_Off_-10.jpg,"(1, 1, 1, 1, 0.6844043135643005, -0.06298155646177815)",entrance=1 door=1 stairs=1 goodStairs=1 inFOV=True s_door=0.68 s_stairs=0.85 s_entr=0.68 dist=0.063
2-11BEACH133STREET,Center_2022-07_P_BO7pg_H_241_Off_0.jpg,"(1, 1, 1, 1, 0.9510045647621155, -0.1047360896480621)",entrance=1 door=1 stairs=1 goodStairs=1 inFOV=True s_door=0.95 s_stairs=0.98 s_entr=0.95 dist=0.105
2-12BEACH138STREET,Side2_2018-07_P_N2IkA_H_88_Off_-10.jpg,"(1, 1, 1, 1, 0.9160653352737427, -0.01663500034034882)",entrance=1 door=1 stairs=1 goodStairs=1 inFOV=True s_door=0.92 s_stairs=0.98 s_entr=0.92 dist=0.017
2-14BEACH134STREET,Side2_2021-11_P_8lLvA_H_78_Off_-10.jpg,"(1, 1, 1, 1, 0.9254264831542969, -0.029412375409338488)",entrance=1 door=1 stairs=1 goodStairs=1 inFOV=True s_door=0.93 s_stairs=0.97 s_entr=0.93 dist=0.029
2-15BEACH138STREET,Center_2018-07_P_N2IkA_H_244_Off_5.jpg,"(1, 1, 1, 1, 0.8825169801712036, -0.11268592970941256)",entrance=1 door=1 stairs=1 goodStairs=1 inFOV=True s_door=0.88 s_stairs=0.96 s_entr=0.88 dist=0.113
2-18BEACH137STREET,Center_2022-07_P_dLXsQ_H_69_Off_10.jpg,"(1, 1, 1, 1, 0.8226149082183838, -0.11267440865598882)",entrance=1 door=1 stairs=1 goodStairs=1 inFOV=True s_door=0.82 s_stairs=0.93 s_entr=0.82 dist=0.113
2-18BEACH138STREET,Side2_2018-07_P_mWRmw_H_78_Off_-5.jpg,"(1, 1, 1, 1, 0.9779232740402222, -0.17982633951417695)",entrance=1 door=1 stairs=1 goodStairs=1 inFOV=True s_door=0.98 s_stairs=0.96 s_entr=0.98 dist=0.180
2-18BEACH142STREET,Side1_2022-07_P_iL_8A_H_31_Off_10.jpg,"(1, 1, 1, 1, 0.7504709959030151, -0.1897739299923197)",entrance=1 door=1 stairs=1 goodStairs=1 inFOV=True s_door=0.75 s_stairs=0.94 s_entr=0.75 dist=0.190
2-19BEACH134STREET,Side2_2021-11_P_8lLvA_H_271_Off_10.jpg,"(1, 1, 1, 1, 0.8771357536315918, -0.08557043490883662)",entrance=1 door=1 stairs=1 goodStairs=1 inFOV=True s_door=0.88 s_stairs=0.91 s_entr=0.88 dist=0.086
2-19BEACH138STREET,Side2_2018-07_P_mWRmw_H_249_Off_-10.jpg,"(1, 1, 0, 1, 0.9085932374000549, -0.17182660660287172)",entrance=1 door=1 stairs=1 goodStairs=0 inFOV=True s_door=0.91 s_stairs=0.27 s_entr=0.91 dist=0.172
2-20BEACH134STREET,Center_2021-11_P_l63Lg_H_43_Off_-10.jpg,"(1, 1, 1, 1, 0.8102380037307739, -0.07596978304731095)",entrance=1 door=1 stairs=1 goodStairs=1 inFOV=True s_door=0.81 s_stairs=0.99 s_entr=0.81 dist=0.076
2-21BEACH137STREET,Center_2022-07_P_Yb4TQ_H_234_Off_-10.jpg,"(1, 1, 1, 1, 0.9686775207519531, -0.08130918196778458)",entrance=1 door=1 stairs=1 goodStairs=1 inFOV=True s_door=0.97 s_stairs=0.98 s_entr=0.97 dist=0.081
2-22BEACH133STREET,Center_2022-07_P_0o3uw_H_55_Off_0.jpg,"(1, 1, 1, 1, 0.3097616136074066, -0.15633345260630066)",entrance=1 door=1 stairs=1 goodStairs=1 inFOV=True s_door=0.31 s_stairs=0.99 s_entr=0.31 dist=0.156
2-22BEACH138STREET,Center_2018-07_P_mWRmw_H_50_Off_-10.jpg,"(1, 1, 1, 1, 0.9753602147102356, -0.12807560561475523)",entrance=1 door=1 stairs=1 goodStairs=1 inFOV=True s_door=0.98 s_stairs=0.97 s_entr=0.98 dist=0.128
2-23BEACH133STREET,Center_2022-07_P_bsNPw_H_257_Off_10.jpg,"(1, 1, 1, 1, 0.9503134489059448, -0.10620630050021508)",entrance=1 door=1 stairs=1 goodStairs=1 inFOV=True s_door=0.95 s_stairs=0.98 s_entr=0.95 dist=0.106
2-24BEACH137STREET,Center_2022-07_P_Yb4TQ_H_67_Off_5.jpg,"(1, 1, 1, 1, 0.38937151432037354, -0.05560073936273165)",entrance=1 door=1 stairs=1 goodStairs=1 inFOV=True s_door=0.39 s_stairs=0.96 s_entr=0.39 dist=0.056
2-26BEACH133STREET,Center_2022-07_P_stP2Q_H_68_Off_-10.jpg,"(1, 1, 1, 1, 0.8997724056243896, -0.0848977096549597)",entrance=1 door=1 stairs=1 goodStairs=1 inFOV=True s_door=0.90 s_stairs=0.98 s_entr=0.90 dist=0.085
2-26BEACH137STREET,Side1_2022-07_P_ZBzyw_H_44_Off_-5.jpg,"(1, 1, 1, 1, 0.7147516012191772, -0.11714193087749103)",entrance=1 door=1 stairs=1 goodStairs=1 inFOV=True s_door=0.71 s_stairs=0.82 s_entr=0.71 dist=0.117
2-27BEACH138STREET,Side1_2018-07_P_dhlaQ_H_220_Off_-5.jpg,"(1, 1, 1, 1, 0.9193417429924011, -0.12015326651703606)",entrance=1 door=1 stairs=1 goodStairs=1 inFOV=True s_door=0.92 s_stairs=0.98 s_entr=0.92 dist=0.120
2-28BEACH133STREET,Center_2022-07_P_E9gqw_H_88_Off_10.jpg,"(1, 1, 1, 1, 0.9549441933631897, -0.11985714757089046)",entrance=1 door=1 stairs=1 goodStairs=1 inFOV=True s_door=0.95 s_stairs=0.97 s_entr=0.95 dist=0.120
2-29BEACH133STREET,Side2_2022-07_P_bsNPw_H_273_Off_-5.jpg,"(1, 1, 1, 1, 0.957170307636261, -0.29223586754679975)",entrance=1 door=1 stairs=1 goodStairs=1 inFOV=True s_door=0.96 s_stairs=0.97 s_entr=0.96 dist=0.292
2-30BEACH142STREET,Side2_2022-07_P_2Gi0A_H_93_Off_-10.jpg,"(1, 1, 1, 1, 0.8123933672904968, -0.19638401066488154)",entrance=1 door=1 stairs=1 goodStairs=1 inFOV=True s_door=0.81 s_stairs=0.73 s_entr=0.81 dist=0.196
2-32BEACH134STREET,Side1_2021-11_P_uuu9g_H_35_Off_-10.jpg,"(1, 1, 1, 1, 0.6558191776275635, -0.011311426257915235)",entrance=1 door=1 stairs=1 goodStairs=1 inFOV=True s_door=0.66 s_stairs=0.98 s_entr=0.66 dist=0.011
2-32BEACH138STREET,Side1_2018-07_P_VjavQ_H_42_Off_10.jpg,"(1, 1, 1, 1, 0.9689674377441406, -0.21030551934259503)",entrance=1 door=1 stairs=1 goodStairs=1 inFOV=True s_door=0.97 s_stairs=0.74 s_entr=0.97 dist=0.210
2-34BEACH137STREET,Center_2022-07_P_C-gXg_H_48_Off_-5.jpg,"(1, 1, 1, 1, 0.8596547245979309, -0.0322643283887379)",entrance=1 door=1 stairs=1 goodStairs=1 inFOV=True s_door=0.86 s_stairs=0.93 s_entr=0.86 dist=0.032
2-35BEACH133STREET,Side2_2022-07_P_BRAjQ_H_270_Off_5.jpg,"(1, 1, 1, 1, 0.7145500183105469, -0.05330031287432679)",entrance=1 door=1 stairs=1 goodStairs=1 inFOV=True s_door=0.71 s_stairs=0.98 s_entr=0.71 dist=0.053
2-38BEACH133STREET,Center_2022-07_P_TSCTw_H_62_Off_-5.jpg,"(1, 1, 1, 1, 0.8664683103561401, -0.12579337383903952)",entrance=1 door=1 stairs=1 goodStairs=1 inFOV=True s_door=0.87 s_stairs=0.95 s_entr=0.87 dist=0.126
2-40BEACH133STREET,Side2_2022-07_P_WVGDQ_H_94_Off_5.jpg,"(1, 1, 1, 1, 0.8411816358566284, -0.01814065302409617)",entrance=1 door=1 stairs=1 goodStairs=1 inFOV=True s_door=0.84 s_stairs=0.96 s_entr=0.84 dist=0.018
2-41BEACH133STREET,Center_2022-07_P_AUYHw_H_260_Off_5.jpg,"(1, 0, 1, 1, 0.9831773638725281, -0.14290736544038632)",entrance=1 door=0 stairs=1 goodStairs=1 inFOV=True s_door=0.00 s_stairs=0.98 s_entr=0.98 dist=0.143
2-41BEACH138STREET,Side1_2018-07_P_DAB3w_H_200_Off_10.jpg,"(1, 1, 0, 1, 0.14538075029850006, -0.10395375352301633)",entrance=1 door=1 stairs=1 goodStairs=0 inFOV=True s_door=0.15 s_stairs=0.09 s_entr=0.15 dist=0.104
2-42BEACH137STREET,Center_2022-07_P_lj8fw_H_58_Off_-10.jpg,"(1, 1, 1, 1, 0.9512563943862915, -0.12281263130274428)",entrance=1 door=1 stairs=1 goodStairs=1 inFOV=True s_door=0.95 s_stairs=0.99 s_entr=0.95 dist=0.123
2-44BEACH133STREET,Center_2022-07_P_WVGDQ_H_62_Off_10.jpg,"(1, 1, 1, 1, 0.9561405181884766, -0.15181384976616363)",entrance=1 door=1 stairs=1 goodStairs=1 inFOV=True s_door=0.96 s_stairs=0.98 s_entr=0.96 dist=0.152
2-45BEACH138STREET,Center_2018-07_P_M9AJw_H_236_Off_0.jpg,"(1, 1, 0, 1, 0.535078227519989, -0.0683169765071896)",entrance=1 door=1 stairs=1 goodStairs=0 inFOV=True s_door=0.54 s_stairs=0.14 s_entr=0.54 dist=0.068
2-46BEACH137STREET,Side1_2022-07_P_lj8fw_H_47_Off_0.jpg,"(1, 1, 1, 1, 0.9338170289993286, -0.24710216562643667)",entrance=1 door=1 stairs=1 goodStairs=1 inFOV=True s_door=0.93 s_stairs=0.98 s_entr=0.93 dist=0.247
2-47BEACH133STREET,Center_2022-07_P_0D0Zw_H_255_Off_5.jpg,"(1, 1, 1, 1, 0.9414060711860657, -0.09277123198880402)",entrance=1 door=1 stairs=1 goodStairs=1 inFOV=True s_door=0.94 s_stairs=0.97 s_entr=0.94 dist=0.093
2-50BEACH133STREET,Side2_2022-07_P_zsDAg_H_92_Off_-5.jpg,"(1, 1, 1, 1, 0.9251992106437683, -0.23649550622560528)",entrance=1 door=1 stairs=1 goodStairs=1 inFOV=True s_door=0.93 s_stairs=0.94 s_entr=0.93 dist=0.236
2-50BEACH134STREET,Side2_2022-07_P_ROV9Q_H_85_Off_-10.jpg,"(1, 1, 1, 1, 0.5572785139083862, -0.17484391328944934)",entrance=1 door=1 stairs=1 goodStairs=1 inFOV=True s_door=0.56 s_stairs=0.91 s_entr=0.56 dist=0.175
2-51BEACH133STREET,Center_2022-07_P_zsDAg_H_245_Off_0.jpg,"(1, 1, 1, 1, 0.8060163855552673, -0.0341334932343659)",entrance=1 door=1 stairs=1 goodStairs=1 inFOV=True s_door=0.81 s_stairs=0.96 s_entr=0.81 dist=0.034
2-51BEACH137STREET,Center_2022-07_P_YPaVw_H_246_Off_10.jpg,"(1, 1, 1, 1, 0.6870391368865967, -0.04747430826461441)",entrance=1 door=1 stairs=1 goodStairs=1 inFOV=True s_door=0.69 s_stairs=0.95 s_entr=0.69 dist=0.047
2-54BEACH137STREET,Side2_2022-07_P_9_W4Q_H_86_Off_-5.jpg,"(1, 1, 0, 1, 0.7794700860977173, -0.2004687410513557)",entrance=1 door=1 stairs=1 goodStairs=0 inFOV=True s_door=0.78 s_stairs=0.40 s_entr=0.78 dist=0.200
2-54BEACH138STREET,Center_2018-07_P_7hu9w_H_68_Off_0.jpg,"(1, 1, 1, 1, 0.943902313709259, -0.009905534389144523)",entrance=1 door=1 stairs=1 goodStairs=1 inFOV=True s_door=0.94 s_stairs=0.93 s_entr=0.94 dist=0.010
2-55BEACH137STREET,Center_2022-07_P_9_W4Q_H_259_Off_10.jpg,"(1, 1, 1, 1, 0.8849356770515442, -0.022492487779393583)",entrance=1 door=1 stairs=1 goodStairs=1 inFOV=True s_door=0.88 s_stairs=0.99 s_entr=0.88 dist=0.022
2-56BEACH134STREET,Side1_2022-07_P_ROV9Q_H_44_Off_0.jpg,"(1, 1, 1, 1, 0.8507041931152344, -0.16315279778332642)",entrance=1 door=1 stairs=1 goodStairs=1 inFOV=True s_door=0.85 s_stairs=0.75 s_entr=0.85 dist=0.163
2-58BEACH133STREET,Center_2022-07_P_lij9g_H_61_Off_0.jpg,"(1, 1, 1, 1, 0.8667853474617004, -0.07643447228966299)",entrance=1 door=1 stairs=1 goodStairs=1 inFOV=True s_door=0.87 s_stairs=0.93 s_entr=0.87 dist=0.076
2-59BEACH137STREET,Center_2022-07_P_-MBew_H_239_Off_-5.jpg,"(1, 1, 1, 1, 0.9596843719482422, -0.18248410973415238)",entrance=1 door=1 stairs=1 goodStairs=1 inFOV=True s_door=0.96 s_stairs=0.99 s_entr=0.96 dist=0.182
2-61BEACH134STREET,Side1_2022-07_P_MidDQ_H_223_Off_-10.jpg,"(1, 1, 1, 1, 0.9617754220962524, -0.1579716281799858)",entrance=1 door=1 stairs=1 goodStairs=1 inFOV=True s_door=0.96 s_stairs=0.96 s_entr=0.96 dist=0.158
2-63BEACH133STREET,Side1_2022-07_P_TFzPw_H_207_Off_0.jpg,"(1, 1, 1, 1, 0.7969540953636169, -0.09415919190835226)",entrance=1 door=1 stairs=1 goodStairs=1 inFOV=True s_door=0.80 s_stairs=0.51 s_entr=0.80 dist=0.094
2-64BEACH133STREET,Side2_2022-07_P_MZfGg_H_90_Off_-5.jpg,"(1, 1, 0, 1, 0.19636709988117218, -0.035918860473321025)",entrance=1 door=1 stairs=1 goodStairs=0 inFOV=True s_door=0.20 s_stairs=0.16 s_entr=0.20 dist=0.036
2-64BEACH137STREET,Center_2022-07_P_GLMbA_H_57_Off_-10.jpg,"(1, 1, 1, 1, 0.9698038101196289, -0.08479470251305689)",entrance=1 door=1 stairs=1 goodStairs=1 inFOV=True s_door=0.97 s_stairs=0.98 s_entr=0.97 dist=0.085
2-65BEACH138STREET,Center_2018-07_P_0zAGQ_H_247_Off_10.jpg,"(1, 1, 1, 1, 0.9606526494026184, -0.14918177159302923)",entrance=1 door=1 stairs=1 goodStairs=1 inFOV=True s_door=0.96 s_stairs=0.98 s_entr=0.96 dist=0.149
2-66BEACH138STREET,Center_2018-07_P_9EItQ_H_55_Off_0.jpg,"(1, 1, 1, 1, 0.9598881006240845, -0.08486302406018584)",entrance=1 door=1 stairs=1 goodStairs=1 inFOV=True s_door=0.96 s_stairs=0.98 s_entr=0.96 dist=0.085
2-67BEACH138STREET,Side2_2018-07_P_9EItQ_H_284_Off_0.jpg,"(1, 1, 1, 1, 0.819788932800293, -0.1143833494969267)",entrance=1 door=1 stairs=1 goodStairs=1 inFOV=True s_door=0.82 s_stairs=0.95 s_entr=0.82 dist=0.114
2-68BEACH137STREET,Center_2022-07_P_I8uWg_H_78_Off_5.jpg,"(1, 1, 1, 1, 0.9536746144294739, -0.11826197723249839)",entrance=1 door=1 stairs=1 goodStairs=1 inFOV=True s_door=0.95 s_stairs=0.96 s_entr=0.95 dist=0.118
2-70BEACH137STREET,Side1_2022-07_P_I8uWg_H_40_Off_5.jpg,"(1, 1, 1, 1, 0.8778411746025085, -0.14114985008858028)",entrance=1 door=1 stairs=1 goodStairs=1 inFOV=True s_door=0.88 s_stairs=0.90 s_entr=0.88 dist=0.141
2-70BEACH138STREET,Side1_2018-07_P_9EItQ_H_32_Off_10.jpg,"(1, 1, 1, 1, 0.9572462439537048, -0.15747455076363523)",entrance=1 door=1 stairs=1 goodStairs=1 inFOV=True s_door=0.96 s_stairs=0.98 s_entr=0.96 dist=0.157
2-71BEACH137STREET,Side2_2022-07_P_iBlJQ_H_257_Off_-5.jpg,"(1, 1, 1, 1, 0.8815382719039917, -0.20963456469958244)",entrance=1 door=1 stairs=1 goodStairs=1 inFOV=True s_door=0.88 s_stairs=0.97 s_entr=0.88 dist=0.210
2-74BEACH138STREET,Center_2018-07_P_YZ-Pg_H_75_Off_0.jpg,"(1, 1, 1, 1, 0.9765125513076782, -0.1131747195387633)",entrance=1 door=1 stairs=1 goodStairs=1 inFOV=True s_door=0.98 s_stairs=0.99 s_entr=0.98 dist=0.113
2-75BEACH138STREET,Side2_2018-07_P_0zAGQ_H_280_Off_-10.jpg,"(1, 1, 1, 1, 0.25949424505233765, -0.11294013413690496)",entrance=1 door=1 stairs=1 goodStairs=1 inFOV=True s_door=0.26 s_stairs=0.96 s_entr=0.26 dist=0.113
2-78BEACH138STREET,Center_2018-07_P_3pflg_H_73_Off_10.jpg,"(1, 1, 1, 1, 0.939165472984314, -0.21067408820003045)",entrance=1 door=1 stairs=1 goodStairs=1 inFOV=True s_door=0.94 s_stairs=0.97 s_entr=0.94 dist=0.211
2-81BEACH138STREET,Center_2018-07_P_M1d3g_H_145_Off_-10.jpg,"(0, 0, 0, 1, 0.0, -1000000000.0)",entrance=0 door=0 stairs=0 goodStairs=0 inFOV=True s_door=0.00 s_stairs=0.00 s_entr=0.00 dist=1000000000.000
203BEACH140STREET,Side1_2022-07_P_eZl3w_H_301_Off_-5.jpg,"(1, 1, 1, 1, 0.8728683590888977, -0.04089199013904671)",entrance=1 door=1 stairs=1 goodStairs=1 inFOV=True s_door=0.87 s_stairs=0.98 s_entr=0.87 dist=0.041
205BEACH136STREET,Side2_2022-07_P_NU5Ug_H_271_Off_-10.jpg,"(1, 1, 1, 1, 0.8988937735557556, -0.09819940586441005)",entrance=1 door=1 stairs=1 goodStairs=1 inFOV=True s_door=0.90 s_stairs=0.82 s_entr=0.90 dist=0.098
210BEACH140STREET,Center_2022-07_P_BPXiw_H_43_Off_-10.jpg,"(1, 1, 1, 1, 0.2497771978378296, -0.07764369587515535)",entrance=1 door=1 stairs=1 goodStairs=1 inFOV=True s_door=0.25 s_stairs=0.50 s_entr=0.25 dist=0.078
211BEACH130STREET,Side1_2022-07_P_ASzDw_H_208_Off_-5.jpg,"(1, 1, 1, 1, 0.8991754055023193, -0.02126191277365684)",entrance=1 door=1 stairs=1 goodStairs=1 inFOV=True s_door=0.90 s_stairs=0.97 s_entr=0.90 dist=0.021
211BEACH135STREET,Center_2022-07_P_b2Bmw_H_235_Off_0.jpg,"(1, 1, 1, 1, 0.9679145812988281, -0.11798763770524359)",entrance=1 door=1 stairs=1 goodStairs=1 inFOV=True s_door=0.97 s_stairs=0.88 s_entr=0.97 dist=0.118
211BEACH136STREET,Side2_2022-07_P_eeSIQ_H_274_Off_-5.jpg,"(1, 1, 1, 1, 0.9307979345321655, -0.10318254363857499)",entrance=1 door=1 stairs=1 goodStairs=1 inFOV=True s_door=0.93 s_stairs=0.87 s_entr=0.93 dist=0.103
211BEACH139STREET,Center_2018-07_P_T9Xog_H_252_Off_10.jpg,"(1, 0, 1, 1, 0.8291824460029602, -0.17076704719763092)",entrance=1 door=0 stairs=1 goodStairs=1 inFOV=True s_door=0.00 s_stairs=0.83 s_entr=0.83 dist=0.171
211BEACH141STREET,Side1_2022-07_P_MX7tg_H_284_Off_5.jpg,"(1, 1, 0, 1, 0.5896489024162292, -0.11416556194124684)",entrance=1 door=1 stairs=1 goodStairs=0 inFOV=True s_door=0.59 s_stairs=0.12 s_entr=0.59 dist=0.114
212BEACH136STREET,Side2_2022-07_P_Dn2jw_H_92_Off_-10.jpg,"(1, 1, 1, 1, 0.9068426489830017, -0.13251990646440737)",entrance=1 door=1 stairs=1 goodStairs=1 inFOV=True s_door=0.91 s_stairs=0.97 s_entr=0.91 dist=0.133
212BEACH139STREET,Side1_2018-07_P_g6uGQ_H_35_Off_5.jpg,"(1, 1, 1, 1, 0.7617407441139221, -0.1762084591339594)",entrance=1 door=1 stairs=1 goodStairs=1 inFOV=True s_door=0.76 s_stairs=0.98 s_entr=0.76 dist=0.176
212BEACH141STREET,Side1_2022-07_P_4kQIA_H_352_Off_5.jpg,"(1, 0, 0, 1, 0.2554233968257904, -0.04523807865509961)",entrance=1 door=0 stairs=1 goodStairs=0 inFOV=True s_door=0.00 s_stairs=0.26 s_entr=0.26 dist=0.045
214BEACH138STREET,Center_2018-07_P_N2IkA_H_83_Off_5.jpg,"(1, 1, 1, 1, 0.9484797120094299, -0.06315214653093135)",entrance=1 door=1 stairs=1 goodStairs=1 inFOV=True s_door=0.95 s_stairs=0.99 s_entr=0.95 dist=0.063
215BEACH141STREET,Side1_2022-07_P_MX7tg_H_291_Off_-10.jpg,"(1, 1, 0, 1, 0.6008694767951965, -0.028268234302895812)",entrance=1 door=1 stairs=1 goodStairs=0 inFOV=True s_door=0.60 s_stairs=0.11 s_entr=0.60 dist=0.028
216BEACH136STREET,Center_2022-07_P_4WB5Q_H_49_Off_-5.jpg,"(1, 1, 1, 1, 0.926109790802002, -0.19979705186031252)",entrance=1 door=1 stairs=1 goodStairs=1 inFOV=True s_door=0.93 s_stairs=0.98 s_entr=0.93 dist=0.200
217BEACH137STREET,Center_2022-07_P_dLXsQ_H_235_Off_-10.jpg,"(1, 1, 1, 1, 0.874294638633728, -0.041413105495992225)",entrance=1 door=1 stairs=1 goodStairs=1 inFOV=True s_door=0.87 s_stairs=0.98 s_entr=0.87 dist=0.041
217BEACH139STREET,Side2_2018-07_P_PG2iA_H_260_Off_-10.jpg,"(1, 1, 1, 1, 0.8606904149055481, -0.15431886552644908)",entrance=1 door=1 stairs=1 goodStairs=1 inFOV=True s_door=0.86 s_stairs=0.88 s_entr=0.86 dist=0.154
218BEACH131STREET,Side2_2021-11_P_Aoj8g_H_75_Off_-5.jpg,"(1, 1, 1, 1, 0.9289382696151733, -0.015459919259259445)",entrance=1 door=1 stairs=1 goodStairs=1 inFOV=True s_door=0.93 s_stairs=0.98 s_entr=0.93 dist=0.015
218BEACH135STREET,Center_2022-07_P_7XfwQ_H_78_Off_10.jpg,"(1, 1, 1, 1, 0.8852075934410095, -0.051445632017730766)",entrance=1 door=1 stairs=1 goodStairs=1 inFOV=True s_door=0.89 s_stairs=0.97 s_entr=0.89 dist=0.051
218BEACH139STREET,Side2_2019-08_P_pm_hg_H_103_Off_-10.jpg,"(1, 1, 1, 1, 0.9449967741966248, -0.21864360643895747)",entrance=1 door=1 stairs=1 goodStairs=1 inFOV=True s_door=0.94 s_stairs=0.94 s_entr=0.94 dist=0.219
218BEACH140STREET,Side2_2022-07_P_Gio9Q_H_83_Off_0.jpg,"(1, 1, 1, 1, 0.9311600923538208, -0.026134121014106993)",entrance=1 door=1 stairs=1 goodStairs=1 inFOV=True s_door=0.93 s_stairs=0.97 s_entr=0.93 dist=0.026
218BEACH141STREET,Side1_2022-07_P_4kQIA_H_344_Off_0.jpg,"(1, 0, 0, 1, 0.10176260769367218, -0.12334525511965591)",entrance=1 door=0 stairs=1 goodStairs=0 inFOV=True s_door=0.00 s_stairs=0.10 s_entr=0.10 dist=0.123
219BEACH131STREET,Center_2021-11_P_Aoj8g_H_231_Off_-10.jpg,"(1, 1, 1, 1, 0.9443849325180054, -0.20495122890865194)",entrance=1 door=1 stairs=1 goodStairs=1 inFOV=True s_door=0.94 s_stairs=0.95 s_entr=0.94 dist=0.205
219BEACH135STREET,Center_2022-07_P_6gkIA_H_249_Off_5.jpg,"(1, 1, 1, 1, 0.9230554699897766, -0.08136099810749003)",entrance=1 door=1 stairs=1 goodStairs=1 inFOV=True s_door=0.92 s_stairs=0.70 s_entr=0.92 dist=0.081
219BEACH141STREET,Side1_2022-07_P_iL_8A_H_43_Off_10.jpg,"(1, 1, 1, 1, 0.646064817905426, -0.05839174558757444)",entrance=1 door=1 stairs=1 goodStairs=1 inFOV=True s_door=0.65 s_stairs=0.91 s_entr=0.65 dist=0.058
220BEACH132STREET,Side2_2019-08_P_pnDNw_H_105_Off_-10.jpg,"(1, 1, 1, 1, 0.4890905022621155, -0.15955552768729378)",entrance=1 door=1 stairs=1 goodStairs=1 inFOV=True s_door=0.49 s_stairs=0.59 s_entr=0.49 dist=0.160
220BEACH136STREET,Side1_2022-07_P_Dn2jw_H_62_Off_5.jpg,"(1, 1, 1, 1, 0.9495568871498108, -0.1885896913388532)",entrance=1 door=1 stairs=1 goodStairs=1 inFOV=True s_door=0.95 s_stairs=0.97 s_entr=0.95 dist=0.189
220BEACH141STREET,Center_2022-07_P_JeTqw_H_261_Off_5.jpg,"(1, 1, 1, 1, 0.7841518521308899, -0.023003242696623415)",entrance=1 door=1 stairs=1 goodStairs=1 inFOV=True s_door=0.78 s_stairs=0.97 s_entr=0.78 dist=0.023
221BEACH135STREET,Side1_2022-07_P_dqvHQ_H_210_Off_0.jpg,"(1, 1, 1, 1, 0.27257031202316284, -0.13104236618460127)",entrance=1 door=1 stairs=1 goodStairs=1 inFOV=True s_door=0.27 s_stairs=0.95 s_entr=0.27 dist=0.131
221BEACH136STREET,Side1_2022-07_P_ZbnFQ_H_217_Off_-10.jpg,"(1, 1, 1, 1, 0.7121270895004272, -0.06570743430939287)",entrance=1 door=1 stairs=1 goodStairs=1 inFOV=True s_door=0.71 s_stairs=0.97 s_entr=0.71 dist=0.066
222BEACH131STREET,Side1_2021-11_P_Aoj8g_H_54_Off_5.jpg,"(1, 1, 1, 1, 0.9116813540458679, -0.21903772600304536)",entrance=1 door=1 stairs=1 goodStairs=1 inFOV=True s_door=0.91 s_stairs=0.92 s_entr=0.91 dist=0.219
222BEACH135STREET,Center_2022-07_P_dqvHQ_H_73_Off_10.jpg,"(1, 1, 1, 1, 0.8693251609802246, -0.16223237697511106)",entrance=1 door=1 stairs=1 goodStairs=1 inFOV=True s_door=0.87 s_stairs=0.98 s_entr=0.87 dist=0.162
222BEACH140STREET,Center_2022-07_P_4_bYw_H_77_Off_5.jpg,"(1, 1, 1, 1, 0.9131091833114624, -0.223729890469717)",entrance=1 door=1 stairs=1 goodStairs=1 inFOV=True s_door=0.91 s_stairs=0.97 s_entr=0.91 dist=0.224
223BEACH132STREET,Center_2019-08_P_uHR3g_H_247_Off_-10.jpg,"(1, 1, 1, 1, 0.9708973169326782, -0.0996703241278636)",entrance=1 door=1 stairs=1 goodStairs=1 inFOV=True s_door=0.97 s_stairs=0.99 s_entr=0.97 dist=0.100
223BEACH135STREET,Center_2022-07_P_dqvHQ_H_242_Off_-5.jpg,"(1, 1, 1, 1, 0.9200133085250854, -0.12340484734474441)",entrance=1 door=1 stairs=1 goodStairs=1 inFOV=True s_door=0.92 s_stairs=0.98 s_entr=0.92 dist=0.123
223BEACH139STREET,Side1_2019-08_P_pm_hg_H_242_Off_10.jpg,"(1, 1, 1, 1, 0.9591456055641174, -0.03292971973666655)",entrance=1 door=1 stairs=1 goodStairs=1 inFOV=True s_door=0.96 s_stairs=0.96 s_entr=0.96 dist=0.033
224BEACH136STREET,Center_2022-07_P_GDiuQ_H_58_Off_-10.jpg,"(1, 1, 1, 1, 0.9156626462936401, -0.09382664972288969)",entrance=1 door=1 stairs=1 goodStairs=1 inFOV=True s_door=0.92 s_stairs=0.93 s_entr=0.92 dist=0.094
224BEACH141STREET,Center_2022-07_P_JeTqw_H_269_Off_5.jpg,"(1, 1, 1, 1, 0.80359947681427, -0.0786770911474655)",entrance=1 door=1 stairs=1 goodStairs=1 inFOV=True s_door=0.80 s_stairs=0.94 s_entr=0.80 dist=0.079
224BEACH142STREET,Center_2022-07_P_EDDpg_H_57_Off_5.jpg,"(1, 1, 1, 1, 0.946698784828186, -0.20452556287007037)",entrance=1 door=1 stairs=1 goodStairs=1 inFOV=True s_door=0.95 s_stairs=0.92 s_entr=0.95 dist=0.205
225BEACH131STREET,Side1_2019-11_P_3hFrQ_H_216_Off_5.jpg,"(1, 1, 0, 1, 0.6173647046089172, -0.16065100354416267)",entrance=1 door=1 stairs=1 goodStairs=0 inFOV=True s_door=0.62 s_stairs=0.24 s_entr=0.62 dist=0.161
225BEACH136STREET,Side1_2022-07_P_678sw_H_219_Off_0.jpg,"(1, 1, 1, 1, 0.9624089002609253, -0.1688225791282579)",entrance=1 door=1 stairs=1 goodStairs=1 inFOV=True s_door=0.96 s_stairs=0.97 s_entr=0.96 dist=0.169
226BEACH135STREET,Center_2022-07_P_ai9lw_H_68_Off_-5.jpg,"(1, 1, 1, 1, 0.9703895449638367, -0.0782773310722372)",entrance=1 door=1 stairs=1 goodStairs=1 inFOV=True s_door=0.97 s_stairs=0.98 s_entr=0.97 dist=0.078
226BEACH139STREET,Side1_2018-07_P_hOKFg_H_21_Off_10.jpg,"(1, 1, 1, 1, 0.08725505322217941, -0.14387365596413387)",entrance=1 door=1 stairs=1 goodStairs=1 inFOV=True s_door=0.09 s_stairs=0.72 s_entr=0.09 dist=0.144
226BEACH141STREET,Center_2022-07_P_JeTqw_H_267_Off_-5.jpg,"(1, 1, 1, 1, 0.7968081831932068, -0.053402175555768656)",entrance=1 door=1 stairs=1 goodStairs=1 inFOV=True s_door=0.80 s_stairs=0.94 s_entr=0.80 dist=0.053
227BEACH135STREET,Side2_2022-07_P_dqvHQ_H_264_Off_-5.jpg,"(1, 1, 1, 1, 0.9284560680389404, -0.1181462790895432)",entrance=1 door=1 stairs=1 goodStairs=1 inFOV=True s_door=0.93 s_stairs=0.89 s_entr=0.93 dist=0.118
227BEACH139STREET,Side1_2019-08_P_pm_hg_H_284_Off_0.jpg,"(1, 1, 0, 1, 0.7371901869773865, -0.09653850771872578)",entrance=1 door=1 stairs=0 goodStairs=0 inFOV=True s_door=0.74 s_stairs=0.00 s_entr=0.74 dist=0.097
227BEACH141STREET,Side2_2022-07_P_2Gi0A_H_92_Off_5.jpg,"(1, 1, 1, 1, 0.7928925156593323, -0.20555132108643887)",entrance=1 door=1 stairs=1 goodStairs=1 inFOV=True s_door=0.79 s_stairs=0.67 s_entr=0.79 dist=0.206
228BEACH140STREET,Center_2022-07_P_UIq-Q_H_82_Off_5.jpg,"(1, 1, 1, 1, 0.9366990327835083, -0.1512959595841931)",entrance=1 door=1 stairs=1 goodStairs=1 inFOV=True s_door=0.94 s_stairs=0.95 s_entr=0.94 dist=0.151
229BEACH136STREET,Side1_2022-07_P_lt-pw_H_212_Off_-5.jpg,"(1, 1, 1, 1, 0.9810020923614502, -0.02198195657489347)",entrance=1 door=1 stairs=1 goodStairs=1 inFOV=True s_door=0.98 s_stairs=0.55 s_entr=0.98 dist=0.022
229BEACH140STREET,Center_2022-07_P_UIq-Q_H_257_Off_10.jpg,"(1, 1, 1, 1, 0.08306656777858734, -0.1734262134768008)",entrance=1 door=1 stairs=1 goodStairs=1 inFOV=True s_door=0.08 s_stairs=0.93 s_entr=0.08 dist=0.173
230BEACH136STREET,Center_2022-07_P_B5qzw_H_61_Off_-10.jpg,"(1, 1, 1, 1, 0.9585500359535217, -0.07390243532457655)",entrance=1 door=1 stairs=1 goodStairs=1 inFOV=True s_door=0.96 s_stairs=0.97 s_entr=0.96 dist=0.074
230BEACH141STREET,Side1_2022-07_P_oYfGg_H_128_Off_0.jpg,"(1, 1, 1, 1, 0.2557629346847534, -0.09841234480831464)",entrance=1 door=1 stairs=1 goodStairs=1 inFOV=True s_door=0.26 s_stairs=0.54 s_entr=0.26 dist=0.098
231BEACH141STREET,Side2_2022-07_P_oYfGg_H_187_Off_0.jpg,"(1, 1, 1, 1, 0.7604279518127441, -0.23413781238099002)",entrance=1 door=1 stairs=1 goodStairs=1 inFOV=True s_door=0.76 s_stairs=0.95 s_entr=0.76 dist=0.234
233BEACH132STREET,Center_2019-08_P_HPDqA_H_248_Off_10.jpg,"(1, 1, 1, 1, 0.9632839560508728, -0.07169567638255438)",entrance=1 door=1 stairs=1 goodStairs=1 inFOV=True s_door=0.96 s_stairs=0.97 s_entr=0.96 dist=0.072
233BEACH136STREET,Center_2022-07_P_lt-pw_H_258_Off_10.jpg,"(1, 1, 1, 1, 0.9295464158058167, -0.06975153275729373)",entrance=1 door=1 stairs=1 goodStairs=1 inFOV=True s_door=0.93 s_stairs=0.98 s_entr=0.93 dist=0.070
234BEACH135STREET,Side2_2022-07_P_I49Eg_H_80_Off_-10.jpg,"(1, 1, 1, 1, 0.8798224329948425, -0.10778700505313706)",entrance=1 door=1 stairs=1 goodStairs=1 inFOV=True s_door=0.88 s_stairs=0.98 s_entr=0.88 dist=0.108
234BEACH140STREET,Side2_2022-07_P_ZsvOQ_H_73_Off_-10.jpg,"(1, 1, 1, 1, 0.9554018378257751, -0.05246907305965448)",entrance=1 door=1 stairs=1 goodStairs=1 inFOV=True s_door=0.96 s_stairs=0.86 s_entr=0.96 dist=0.052
235BEACH130STREET,Center_2022-07_P_6mXnA_H_232_Off_-10.jpg,"(1, 1, 1, 1, 0.8076732158660889, -0.08300778613884773)",entrance=1 door=1 stairs=1 goodStairs=1 inFOV=True s_door=0.81 s_stairs=0.98 s_entr=0.81 dist=0.083
235BEACH135STREET,Center_2022-07_P_I49Eg_H_247_Off_10.jpg,"(1, 1, 1, 1, 0.9409299492835999, -0.08128613395143579)",entrance=1 door=1 stairs=1 goodStairs=1 inFOV=True s_door=0.94 s_stairs=0.99 s_entr=0.94 dist=0.081
235BEACH140STREET,Side1_2022-07_P_ZsvOQ_H_234_Off_5.jpg,"(1, 1, 1, 1, 0.9575808048248291, -0.01710515088388028)",entrance=1 door=1 stairs=1 goodStairs=1 inFOV=True s_door=0.96 s_stairs=0.91 s_entr=0.96 dist=0.017
236BEACH141STREET,Side1_2022-07_P_oYfGg_H_104_Off_-5.jpg,"(1, 1, 1, 1, 0.5667371153831482, -0.1554259610882621)",entrance=1 door=1 stairs=1 goodStairs=1 inFOV=True s_door=0.57 s_stairs=0.55 s_entr=0.57 dist=0.155
237BEACH141STREET,Side2_2022-07_P_oYfGg_H_211_Off_10.jpg,"(1, 1, 1, 1, 0.8411003351211548, -0.05054270538431466)",entrance=1 door=1 stairs=1 goodStairs=1 inFOV=True s_door=0.84 s_stairs=0.95 s_entr=0.84 dist=0.051
238BEACH132STREET,Center_2019-08_P_463aQ_H_53_Off_-5.jpg,"(1, 1, 1, 1, 0.7711122632026672, -0.06172508585349892)",entrance=1 door=1 stairs=1 goodStairs=1 inFOV=True s_door=0.77 s_stairs=0.97 s_entr=0.77 dist=0.062
238BEACH141STREET,Side1_2022-07_P_oYfGg_H_87_Off_-5.jpg,"(1, 1, 0, 1, 0.7417617440223694, -0.15455160806949664)",entrance=1 door=1 stairs=1 goodStairs=0 inFOV=True s_door=0.74 s_stairs=0.33 s_entr=0.74 dist=0.155
239BEACH136STREET,Center_2022-07_P_d2scQ_H_242_Off_-5.jpg,"(1, 1, 1, 1, 0.9456524848937988, -0.0792392842576097)",entrance=1 door=1 stairs=1 goodStairs=1 inFOV=True s_door=0.95 s_stairs=0.99 s_entr=0.95 dist=0.079
239BEACH140STREET,Side1_2022-07_P_kOuGA_H_230_Off_0.jpg,"(1, 0, 0, 1, 0.25611573457717896, -0.05334851500693352)",entrance=1 door=0 stairs=1 goodStairs=0 inFOV=True s_door=0.00 s_stairs=0.26 s_entr=0.26 dist=0.053
240BEACH131STREET,Center_2022-07_P_EbaFQ_H_74_Off_5.jpg,"(1, 1, 1, 1, 0.9664958715438843, -0.1313317299087787)",entrance=1 door=1 stairs=1 goodStairs=1 inFOV=True s_door=0.97 s_stairs=0.95 s_entr=0.97 dist=0.131
240BEACH135STREET,Side2_2022-07_P_eT2Dg_H_72_Off_-10.jpg,"(1, 1, 1, 1, 0.6929277181625366, -0.11224978783403532)",entrance=1 door=1 stairs=1 goodStairs=1 inFOV=True s_door=0.69 s_stairs=0.99 s_entr=0.69 dist=0.112
241BEACH132STREET,Side2_2019-08_P_Bkq_A_H_252_Off_-5.jpg,"(1, 1, 1, 1, 0.9176288843154907, -0.1646862867255037)",entrance=1 door=1 stairs=1 goodStairs=1 inFOV=True s_door=0.92 s_stairs=0.95 s_entr=0.92 dist=0.165
241BEACH139STREET,Side2_2013-01_P_09oWQ_H_205_Off_0.jpg,"(1, 1, 0, 1, 0.20073242485523224, -0.1974309987165411)",entrance=1 door=1 stairs=0 goodStairs=0 inFOV=True s_door=0.20 s_stairs=0.00 s_entr=0.20 dist=0.197
242BEACH141STREET,Side2_2022-07_P_jQJZQ_H_91_Off_-5.jpg,"(1, 1, 1, 1, 0.5643255114555359, -0.27805671837492657)",entrance=1 door=1 stairs=1 goodStairs=1 inFOV=True s_door=0.56 s_stairs=0.56 s_entr=0.56 dist=0.278
244BEACH135STREET,Center_2022-07_P_LGAoA_H_79_Off_5.jpg,"(1, 1, 1, 1, 0.9697667956352234, -0.15946822745640724)",entrance=1 door=1 stairs=1 goodStairs=1 inFOV=True s_door=0.97 s_stairs=0.95 s_entr=0.97 dist=0.159
244BEACH141STREET,Side1_2022-07_P_oYfGg_H_46_Off_5.jpg,"(1, 1, 1, 1, 0.9108166098594666, -0.20787413602519325)",entrance=1 door=1 stairs=1 goodStairs=1 inFOV=True s_door=0.91 s_stairs=0.94 s_entr=0.91 dist=0.208
245BEACH139STREET,Side2_2013-01_P_09oWQ_H_257_Off_10.jpg,"(1, 1, 1, 1, 0.22293417155742645, -0.02323255834257449)",entrance=1 door=1 stairs=1 goodStairs=1 inFOV=True s_door=0.22 s_stairs=0.75 s_entr=0.22 dist=0.023
248BEACH136STREET,Side2_2022-07_P_kPkeQ_H_99_Off_10.jpg,"(1, 1, 1, 1, 0.8306018710136414, -0.037123446082726996)",entrance=1 door=1 stairs=1 goodStairs=1 inFOV=True s_door=0.83 s_stairs=0.97 s_entr=0.83 dist=0.037
248BEACH140STREET,Side1_2022-07_P_Jsf-g_H_62_Off_10.jpg,"(1, 1, 1, 1, 0.9504746794700623, -0.16963464390633848)",entrance=1 door=1 stairs=1 goodStairs=1 inFOV=True s_door=0.95 s_stairs=0.75 s_entr=0.95 dist=0.170
249BEACH135STREET,Side1_2022-07_P_xgtXg_H_202_Off_5.jpg,"(1, 1, 1, 1, 0.6938895583152771, -0.1466389065598601)",entrance=1 door=1 stairs=1 goodStairs=1 inFOV=True s_door=0.69 s_stairs=0.98 s_entr=0.69 dist=0.147
249BEACH139STREET,Center_2013-01_P_ls6-A_H_245_Off_10.jpg,"(1, 1, 1, 1, 0.8491491675376892, -0.16837175663874107)",entrance=1 door=1 stairs=1 goodStairs=1 inFOV=True s_door=0.85 s_stairs=0.95 s_entr=0.85 dist=0.168
250BEACH135STREET,Side2_2022-07_P_xgtXg_H_113_Off_5.jpg,"(1, 1, 1, 1, 0.7560098767280579, -0.06721090180307283)",entrance=1 door=1 stairs=1 goodStairs=1 inFOV=True s_door=0.76 s_stairs=0.58 s_entr=0.76 dist=0.067
250BEACH137STREET,Center_2022-07_P_r8Diw_H_50_Off_-5.jpg,"(1, 1, 1, 1, 0.9649142026901245, -0.04940122916994969)",entrance=1 door=1 stairs=1 goodStairs=1 inFOV=True s_door=0.96 s_stairs=0.98 s_entr=0.96 dist=0.049
250BEACH140STREET,Side2_2022-07_P_ESMzQ_H_84_Off_-10.jpg,"(1, 1, 1, 1, 0.9317160844802856, -0.17510400190268074)",entrance=1 door=1 stairs=1 goodStairs=1 inFOV=True s_door=0.93 s_stairs=0.93 s_entr=0.93 dist=0.175
251BEACH132STREET,Center_2022-07_P_Pc_Mg_H_232_Off_-10.jpg,"(1, 1, 1, 1, 0.8989958763122559, -0.16598978849991322)",entrance=1 door=1 stairs=1 goodStairs=1 inFOV=True s_door=0.90 s_stairs=0.96 s_entr=0.90 dist=0.166
251BEACH135STREET,Center_2022-07_P_kyF7Q_H_232_Off_-10.jpg,"(1, 1, 1, 1, 0.9498788118362427, -0.15718128034472822)",entrance=1 door=1 stairs=1 goodStairs=1 inFOV=True s_door=0.95 s_stairs=0.98 s_entr=0.95 dist=0.157
251BEACH140STREET,Center_2022-07_P_0x__w_H_243_Off_-5.jpg,"(1, 1, 1, 1, 0.913622260093689, -0.01152510084662479)",entrance=1 door=1 stairs=1 goodStairs=1 inFOV=True s_door=0.91 s_stairs=0.94 s_entr=0.91 dist=0.012
252BEACH141STREET,Side1_2022-07_P_jQJZQ_H_30_Off_5.jpg,"(1, 1, 1, 1, 0.957125723361969, -0.1444864434172387)",entrance=1 door=1 stairs=1 goodStairs=1 inFOV=True s_door=0.96 s_stairs=0.97 s_entr=0.96 dist=0.144
254BEACH135STREET,Side2_2022-07_P_7ap4Q_H_92_Off_-5.jpg,"(1, 1, 1, 1, 0.9523590207099915, -0.2775657750511602)",entrance=1 door=1 stairs=1 goodStairs=1 inFOV=True s_door=0.95 s_stairs=0.94 s_entr=0.95 dist=0.278
254BEACH136STREET,Center_2022-07_P_dN3QA_H_62_Off_-10.jpg,"(1, 1, 1, 1, 0.8906573057174683, -0.04862596469219721)",entrance=1 door=1 stairs=1 goodStairs=1 inFOV=True s_door=0.89 s_stairs=0.98 s_entr=0.89 dist=0.049
254BEACH141STREET,Center_2013-01_P_7krMg_H_68_Off_-10.jpg,"(1, 1, 1, 1, 0.9419242739677429, -0.24503695238875675)",entrance=1 door=1 stairs=1 goodStairs=1 inFOV=True s_door=0.94 s_stairs=0.70 s_entr=0.94 dist=0.245
255BEACH141STREET,Center_2013-01_P_7krMg_H_239_Off_-5.jpg,"(1, 1, 1, 1, 0.9681922197341919, -0.045236472005856135)",entrance=1 door=1 stairs=1 goodStairs=1 inFOV=True s_door=0.97 s_stairs=0.97 s_entr=0.97 dist=0.045
256BEACH131STREET,Center_2022-07_P_ANMQA_H_61_Off_-5.jpg,"(1, 1, 1, 1, 0.8482697010040283, -0.08008045928618862)",entrance=1 door=1 stairs=1 goodStairs=1 inFOV=True s_door=0.85 s_stairs=0.97 s_entr=0.85 dist=0.080
256BEACH135STREET,Center_2022-07_P_xgtXg_H_63_Off_-5.jpg,"(1, 1, 1, 1, 0.968360960483551, -0.05064292868185175)",entrance=1 door=1 stairs=1 goodStairs=1 inFOV=True s_door=0.97 s_stairs=0.98 s_entr=0.97 dist=0.051
256BEACH141STREET,Center_2018-07_P_YCymg_H_73_Off_-5.jpg,"(1, 1, 1, 1, 0.9604204297065735, -0.17876574004844684)",entrance=1 door=1 stairs=1 goodStairs=1 inFOV=True s_door=0.96 s_stairs=0.98 s_entr=0.96 dist=0.179
257BEACH135STREET,Side1_2022-07_P_OTMuw_H_227_Off_10.jpg,"(1, 1, 1, 1, 0.9287030696868896, -0.09381572134366749)",entrance=1 door=1 stairs=1 goodStairs=1 inFOV=True s_door=0.93 s_stairs=0.98 s_entr=0.93 dist=0.094
257BEACH140STREET,Side2_2022-07_P_F4Hag_H_266_Off_-5.jpg,"(1, 1, 1, 1, 0.8939762115478516, -0.18827489669774963)",entrance=1 door=1 stairs=1 goodStairs=1 inFOV=True s_door=0.89 s_stairs=0.93 s_entr=0.89 dist=0.188
258BEACH131STREET,Center_2022-07_P_Wk-IQ_H_88_Off_10.jpg,"(1, 1, 1, 1, 0.9329378008842468, -0.13897483366688362)",entrance=1 door=1 stairs=1 goodStairs=1 inFOV=True s_door=0.93 s_stairs=0.99 s_entr=0.93 dist=0.139
258BEACH135STREET,Side1_2022-07_P_xgtXg_H_44_Off_5.jpg,"(1, 1, 1, 1, 0.9684452414512634, -0.15952014077627152)",entrance=1 door=1 stairs=1 goodStairs=1 inFOV=True s_door=0.97 s_stairs=0.96 s_entr=0.97 dist=0.160
258BEACH140STREET,Center_2022-07_P_F4Hag_H_66_Off_10.jpg,"(1, 1, 1, 1, 0.7338604927062988, -0.29597056298322105)",entrance=1 door=1 stairs=1 goodStairs=1 inFOV=True s_door=0.73 s_stairs=0.87 s_entr=0.73 dist=0.296
258BEACH141STREET,Side2_2018-07_P_6JHKA_H_77_Off_-5.jpg,"(1, 1, 1, 1, 0.9541506171226501, -0.21315547842275354)",entrance=1 door=1 stairs=1 goodStairs=1 inFOV=True s_door=0.95 s_stairs=0.99 s_entr=0.95 dist=0.213
259BEACH131STREET,Center_2022-07_P_Wk-IQ_H_255_Off_5.jpg,"(1, 1, 1, 1, 0.9641868472099304, -0.18340435959403137)",entrance=1 door=1 stairs=1 goodStairs=1 inFOV=True s_door=0.96 s_stairs=0.98 s_entr=0.96 dist=0.183
259BEACH139STREET,Side1_2013-01_P_Q0lCw_H_220_Off_-5.jpg,"(1, 1, 1, 1, 0.9688500761985779, -0.25272384702918094)",entrance=1 door=1 stairs=1 goodStairs=1 inFOV=True s_door=0.97 s_stairs=0.98 s_entr=0.97 dist=0.253
260BEACH132STREET,Center_2022-07_P_tBkLg_H_60_Off_-10.jpg,"(1, 1, 1, 1, 0.802964448928833, -0.04507540339841407)",entrance=1 door=1 stairs=1 goodStairs=1 inFOV=True s_door=0.80 s_stairs=0.96 s_entr=0.80 dist=0.045
261BEACH135STREET,Side1_2022-07_P_hKS7A_H_234_Off_5.jpg,"(1, 1, 1, 1, 0.9530556201934814, -0.013709873929230319)",entrance=1 door=1 stairs=1 goodStairs=1 inFOV=True s_door=0.95 s_stairs=0.99 s_entr=0.95 dist=0.014
261BEACH136STREET,Center_2022-07_P_M4Drg_H_244_Off_-10.jpg,"(1, 1, 1, 1, 0.9647666215896606, -0.14407608450435605)",entrance=1 door=1 stairs=1 goodStairs=1 inFOV=True s_door=0.96 s_stairs=0.98 s_entr=0.96 dist=0.144
262BEACH131STREET,Center_2022-07_P_7-RYw_H_81_Off_5.jpg,"(1, 1, 1, 1, 0.4228305518627167, -0.09133178752461771)",entrance=1 door=1 stairs=1 goodStairs=1 inFOV=True s_door=0.42 s_stairs=0.98 s_entr=0.42 dist=0.091
262BEACH135STREET,Side1_2022-07_P_OTMuw_H_53_Off_5.jpg,"(1, 1, 1, 1, 0.9583085179328918, -0.24273515230499132)",entrance=1 door=1 stairs=1 goodStairs=1 inFOV=True s_door=0.96 s_stairs=0.95 s_entr=0.96 dist=0.243
262BEACH140STREET,Side1_2022-07_P_F4Hag_H_27_Off_0.jpg,"(1, 0, 1, 1, 0.7570003867149353, -0.19411542183616465)",entrance=1 door=0 stairs=1 goodStairs=1 inFOV=True s_door=0.00 s_stairs=0.76 s_entr=0.76 dist=0.194
263BEACH132STREET,Side1_2022-07_P_It9mQ_H_241_Off_10.jpg,"(1, 1, 1, 1, 0.40301963686943054, -0.14779828595190597)",entrance=1 door=1 stairs=1 goodStairs=1 inFOV=True s_door=0.40 s_stairs=0.95 s_entr=0.40 dist=0.148
264BEACH132STREET,Side1_2022-07_P_tBkLg_H_37_Off_0.jpg,"(1, 1, 1, 1, 0.7933697700500488, -0.2568419531752063)",entrance=1 door=1 stairs=1 goodStairs=1 inFOV=True s_door=0.79 s_stairs=0.77 s_entr=0.79 dist=0.257
264BEACH135STREET,Center_2022-07_P_hKS7A_H_64_Off_10.jpg,"(1, 1, 1, 1, 0.4425046145915985, -0.10202321393034014)",entrance=1 door=1 stairs=1 goodStairs=1 inFOV=True s_door=0.44 s_stairs=0.97 s_entr=0.44 dist=0.102
264BEACH136STREET,Center_2022-07_P_CbHOQ_H_57_Off_-5.jpg,"(1, 1, 1, 1, 0.1279432326555252, -0.05425079975290968)",entrance=1 door=1 stairs=1 goodStairs=1 inFOV=True s_door=0.13 s_stairs=0.91 s_entr=0.13 dist=0.054
264BEACH139STREET,Center_2013-01_P_lYwaA_H_72_Off_0.jpg,"(1, 1, 1, 1, 0.9610850811004639, -0.23124506528261918)",entrance=1 door=1 stairs=1 goodStairs=1 inFOV=True s_door=0.96 s_stairs=0.98 s_entr=0.96 dist=0.231
264BEACH141STREET,Center_2018-07_P_6JHKA_H_49_Off_-5.jpg,"(1, 1, 1, 1, 0.8641957640647888, -0.07719207913694687)",entrance=1 door=1 stairs=1 goodStairs=1 inFOV=True s_door=0.86 s_stairs=0.98 s_entr=0.86 dist=0.077
265BEACH135STREET,Center_2022-07_P_hKS7A_H_248_Off_-5.jpg,"(1, 1, 1, 1, 0.9108470678329468, -0.16928857496246627)",entrance=1 door=1 stairs=1 goodStairs=1 inFOV=True s_door=0.91 s_stairs=0.99 s_entr=0.91 dist=0.169
265BEACH139STREET,Center_2013-01_P_lYwaA_H_272_Off_10.jpg,"(1, 1, 1, 1, 0.9725086688995361, -0.10354570500504204)",entrance=1 door=1 stairs=1 goodStairs=1 inFOV=True s_door=0.97 s_stairs=0.97 s_entr=0.97 dist=0.104
265BEACH140STREET,Center_2022-07_P_DPYmg_H_251_Off_10.jpg,"(1, 1, 1, 1, 0.940104603767395, -0.1643341458803643)",entrance=1 door=1 stairs=1 goodStairs=1 inFOV=True s_door=0.94 s_stairs=0.99 s_entr=0.94 dist=0.164
266BEACH131STREET,Center_2024-10_P_kImmQ_H_169_Off_0.jpg,"(1, 1, 0, 1, 0.12769897282123566, -0.15551792656488697)",entrance=1 door=1 stairs=0 goodStairs=0 inFOV=True s_door=0.13 s_stairs=0.00 s_entr=0.13 dist=0.156
266BEACH140STREET,Center_2022-07_P_XTCRw_H_65_Off_10.jpg,"(1, 1, 1, 1, 0.9832279682159424, -0.18089108849364507)",entrance=1 door=1 stairs=1 goodStairs=1 inFOV=True s_door=0.98 s_stairs=0.98 s_entr=0.98 dist=0.181
267BEACH136STREET,Center_2022-07_P_E0QoA_H_248_Off_0.jpg,"(1, 1, 1, 1, 0.9549900889396667, -0.020557401733113843)",entrance=1 door=1 stairs=1 goodStairs=1 inFOV=True s_door=0.95 s_stairs=0.98 s_entr=0.95 dist=0.021
267BEACH141STREET,Center_2018-07_P_qYu2A_H_240_Off_-5.jpg,"(1, 1, 1, 1, 0.5716221928596497, -0.16343929842850705)",entrance=1 door=1 stairs=1 goodStairs=1 inFOV=True s_door=0.57 s_stairs=0.95 s_entr=0.57 dist=0.163
268BEACH132STREET,Center_2024-10_P_KNQDQ_H_153_Off_0.jpg,"(1, 1, 0, 1, 0.30556222796440125, -0.17132428043814787)",entrance=1 door=1 stairs=0 goodStairs=0 inFOV=True s_door=0.31 s_stairs=0.00 s_entr=0.31 dist=0.171
268BEACH135STREET,Center_2022-07_P_j_h_w_H_58_Off_0.jpg,"(1, 1, 1, 1, 0.8513157963752747, -0.10025431175184175)",entrance=1 door=1 stairs=1 goodStairs=1 inFOV=True s_door=0.85 s_stairs=0.98 s_entr=0.85 dist=0.100
268BEACH136STREET,Center_2022-07_P_E0QoA_H_60_Off_-10.jpg,"(1, 1, 0, 1, 0.9734748601913452, -0.029988882806137925)",entrance=1 door=1 stairs=0 goodStairs=0 inFOV=True s_door=0.97 s_stairs=0.00 s_entr=0.97 dist=0.030
268BEACH139STREET,Center_2013-01_P_5XYEg_H_69_Off_-10.jpg,"(1, 1, 1, 1, 0.8407119512557983, -0.07333623824939507)",entrance=1 door=1 stairs=1 goodStairs=1 inFOV=True s_door=0.84 s_stairs=0.66 s_entr=0.84 dist=0.073
268BEACH140STREET,Side1_2022-07_P_XTCRw_H_28_Off_-5.jpg,"(1, 1, 1, 1, 0.9804562330245972, -0.23395920502161657)",entrance=1 door=1 stairs=1 goodStairs=1 inFOV=True s_door=0.98 s_stairs=0.98 s_entr=0.98 dist=0.234
268BEACH141STREET,Center_2018-07_P_eHn2A_H_62_Off_5.jpg,"(1, 1, 1, 1, 0.8068888187408447, -0.1561994297954301)",entrance=1 door=1 stairs=1 goodStairs=1 inFOV=True s_door=0.81 s_stairs=0.99 s_entr=0.81 dist=0.156
269BEACH135STREET,Side2_2022-07_P_hKS7A_H_263_Off_-10.jpg,"(1, 1, 1, 1, 0.8818426132202148, -0.04468465068952507)",entrance=1 door=1 stairs=1 goodStairs=1 inFOV=True s_door=0.88 s_stairs=0.98 s_entr=0.88 dist=0.045
269BEACH140STREET,Side1_2022-07_P_QM6ew_H_221_Off_-10.jpg,"(1, 1, 1, 1, 0.969312310218811, -0.1093838273087262)",entrance=1 door=1 stairs=1 goodStairs=1 inFOV=True s_door=0.97 s_stairs=0.99 s_entr=0.97 dist=0.109
270BEACH141STREET,Side1_2018-07_P_6JHKA_H_49_Off_10.jpg,"(1, 1, 1, 1, 0.8634750247001648, -0.076329899413625)",entrance=1 door=1 stairs=1 goodStairs=1 inFOV=True s_door=0.86 s_stairs=0.98 s_entr=0.86 dist=0.076
271BEACH135STREET,Center_2022-07_P_SOdFg_H_237_Off_5.jpg,"(1, 1, 1, 1, 0.8836863040924072, -0.12084471661135752)",entrance=1 door=1 stairs=1 goodStairs=1 inFOV=True s_door=0.88 s_stairs=0.99 s_entr=0.88 dist=0.121
271BEACH139STREET,Side1_2013-01_P_5XYEg_H_226_Off_0.jpg,"(1, 1, 1, 1, 0.8766739368438721, -0.06700908375689404)",entrance=1 door=1 stairs=1 goodStairs=1 inFOV=True s_door=0.88 s_stairs=0.71 s_entr=0.88 dist=0.067
271BEACH141STREET,Side2_2018-07_P_39SxA_H_267_Off_0.jpg,"(1, 1, 1, 1, 0.8777057528495789, -0.20220338985049688)",entrance=1 door=1 stairs=1 goodStairs=1 inFOV=True s_door=0.88 s_stairs=0.91 s_entr=0.88 dist=0.202
272BEACH136STREET,Side2_2022-07_P_CinOg_H_102_Off_10.jpg,"(1, 1, 1, 1, 0.31281259655952454, -0.10450631240811496)",entrance=1 door=1 stairs=1 goodStairs=1 inFOV=True s_door=0.31 s_stairs=0.94 s_entr=0.31 dist=0.105
272BEACH140STREET,Side2_2022-07_P_QM6ew_H_83_Off_-10.jpg,"(1, 1, 1, 1, 0.9112560749053955, -0.047794896483090835)",entrance=1 door=1 stairs=1 goodStairs=1 inFOV=True s_door=0.91 s_stairs=0.92 s_entr=0.91 dist=0.048
273BEACH136STREET,Side2_2022-07_P_jjqdg_H_266_Off_-5.jpg,"(1, 1, 1, 1, 0.9383251667022705, -0.2094086609463328)",entrance=1 door=1 stairs=1 goodStairs=1 inFOV=True s_door=0.94 s_stairs=0.94 s_entr=0.94 dist=0.209
273BEACH139STREET,Side2_2013-01_P_5XYEg_H_270_Off_5.jpg,"(1, 1, 0, 1, 0.5651124119758606, -0.1834020967261382)",entrance=1 door=1 stairs=0 goodStairs=0 inFOV=True s_door=0.57 s_stairs=0.00 s_entr=0.57 dist=0.183
274BEACH139STREET,Side2_2013-01_P_faaOg_H_89_Off_0.jpg,"(1, 1, 0, 1, 0.8855335712432861, -0.05732737378222714)",entrance=1 door=1 stairs=1 goodStairs=0 inFOV=True s_door=0.89 s_stairs=0.48 s_entr=0.89 dist=0.057
274BEACH141STREET,Side2_2018-07_P_PU42Q_H_99_Off_-5.jpg,"(1, 1, 1, 1, 0.8651244044303894, -0.11576197823283582)",entrance=1 door=1 stairs=1 goodStairs=1 inFOV=True s_door=0.87 s_stairs=0.58 s_entr=0.87 dist=0.116
276BEACH140STREET,Side1_2022-07_P_wmfFA_H_25_Off_-10.jpg,"(1, 1, 1, 1, 0.098139189183712, -0.31700442257274186)",entrance=1 door=1 stairs=1 goodStairs=1 inFOV=True s_door=0.10 s_stairs=0.98 s_entr=0.10 dist=0.317
277BEACH141STREET,Side2_2018-07_P_PU42Q_H_249_Off_-10.jpg,"(1, 1, 1, 1, 0.7349966168403625, -0.044832032185353685)",entrance=1 door=1 stairs=1 goodStairs=1 inFOV=True s_door=0.73 s_stairs=0.98 s_entr=0.73 dist=0.045
278BEACH141STREET,Side1_2018-07_P_yUE5A_H_45_Off_10.jpg,"(1, 1, 0, 1, 0.5773118138313293, -0.28944493928381737)",entrance=1 door=1 stairs=1 goodStairs=0 inFOV=True s_door=0.58 s_stairs=0.12 s_entr=0.58 dist=0.289
280BEACH140STREET,Center_2022-07_P_CMe9g_H_64_Off_5.jpg,"(1, 0, 1, 1, 0.762205958366394, -0.07407115723368457)",entrance=1 door=0 stairs=1 goodStairs=1 inFOV=True s_door=0.00 s_stairs=0.76 s_entr=0.76 dist=0.074
284BEACH140STREET,Center_2007-09_P_sU96A_H_58_Off_-5.jpg,"(1, 1, 1, 1, 0.9455814957618713, -0.0831886424692918)",entrance=1 door=1 stairs=1 goodStairs=1 inFOV=True s_door=0.95 s_stairs=0.98 s_entr=0.95 dist=0.083
3-04BEACH142STREET,Center_2022-07_P_uOpDA_H_88_Off_10.jpg,"(1, 1, 1, 1, 0.9186069965362549, -0.0804541645751555)",entrance=1 door=1 stairs=1 goodStairs=1 inFOV=True s_door=0.92 s_stairs=0.94 s_entr=0.92 dist=0.080
3-10BEACH142STREET,Side2_2022-07_P_ZE4qg_H_75_Off_-10.jpg,"(1, 1, 0, 1, 0.18079803884029388, -0.03855629604189642)",entrance=1 door=1 stairs=0 goodStairs=0 inFOV=True s_door=0.18 s_stairs=0.00 s_entr=0.18 dist=0.039
3-16BEACH142STREET,Center_2022-07_P_Ve3XQ_H_54_Off_-10.jpg,"(1, 1, 1, 1, 0.11410631984472275, -0.0863107073999735)",entrance=1 door=1 stairs=1 goodStairs=1 inFOV=True s_door=0.11 s_stairs=0.93 s_entr=0.11 dist=0.086
3-22BEACH142STREET,Center_2022-07_P_ci9Gg_H_70_Off_5.jpg,"(1, 1, 1, 1, 0.9303784966468811, -0.06581011341631626)",entrance=1 door=1 stairs=1 goodStairs=1 inFOV=True s_door=0.93 s_stairs=0.94 s_entr=0.93 dist=0.066
3-26BEACH142STREET,Center_2022-07_P_hoKSg_H_56_Off_0.jpg,"(1, 1, 1, 1, 0.8293452262878418, -0.040064052825341874)",entrance=1 door=1 stairs=1 goodStairs=1 inFOV=True s_door=0.83 s_stairs=0.99 s_entr=0.83 dist=0.040
3-30BEACH142STREET,Center_2022-07_P_PsR8A_H_62_Off_-10.jpg,"(1, 1, 1, 1, 0.9549175500869751, -0.002450284486107323)",entrance=1 door=1 stairs=1 goodStairs=1 inFOV=True s_door=0.95 s_stairs=0.95 s_entr=0.95 dist=0.002
3-36BEACH142STREET,Center_2022-07_P_3hExw_H_62_Off_10.jpg,"(1, 1, 1, 1, 0.947829008102417, -0.12734351343500488)",entrance=1 door=1 stairs=1 goodStairs=1 inFOV=True s_door=0.95 s_stairs=0.98 s_entr=0.95 dist=0.127
3-42BEACH142STREET,Center_2022-07_P_QoRwg_H_67_Off_0.jpg,"(1, 1, 1, 1, 0.37832558155059814, -0.1423093608522703)",entrance=1 door=1 stairs=1 goodStairs=1 inFOV=True s_door=0.38 s_stairs=0.96 s_entr=0.38 dist=0.142
3-50BEACH142STREET,Center_2022-07_P_V9RcA_H_67_Off_-5.jpg,"(1, 1, 1, 1, 0.9242811799049377, -0.1224462880574843)",entrance=1 door=1 stairs=1 goodStairs=1 inFOV=True s_door=0.92 s_stairs=0.89 s_entr=0.92 dist=0.122
3-56BEACH142STREET,Center_2022-07_P_4Jppw_H_65_Off_5.jpg,"(1, 1, 1, 1, 0.8962812423706055, -0.07277066089843083)",entrance=1 door=1 stairs=1 goodStairs=1 inFOV=True s_door=0.90 s_stairs=0.97 s_entr=0.90 dist=0.073
4-02BEACH131STREET,Side2_2024-10_P_6jNpA_H_16_Off_5.jpg,"(1, 1, 0, 1, 0.5614091157913208, -0.2112938815502109)",entrance=1 door=1 stairs=0 goodStairs=0 inFOV=True s_door=0.56 s_stairs=0.00 s_entr=0.56 dist=0.211
4-05BEACH130STREET,Side2_2024-10_P_3SX0w_H_310_Off_-5.jpg,"(1, 1, 0, 1, 0.8542158603668213, -0.11594674576376368)",entrance=1 door=1 stairs=0 goodStairs=0 inFOV=True s_door=0.85 s_stairs=0.00 s_entr=0.85 dist=0.116
4-06BEACH134STREET,Side1_2022-07_P_9zpqw_H_38_Off_5.jpg,"(1, 1, 1, 1, 0.37932083010673523, -0.06910757966759501)",entrance=1 door=1 stairs=1 goodStairs=1 inFOV=True s_door=0.38 s_stairs=0.79 s_entr=0.38 dist=0.069
4-10BEACH133STREET,Center_2022-07_P_v-mAg_H_85_Off_10.jpg,"(1, 1, 1, 1, 0.9412516355514526, -0.1959938186024801)",entrance=1 door=1 stairs=1 goodStairs=1 inFOV=True s_door=0.94 s_stairs=0.95 s_entr=0.94 dist=0.196
4-10BEACH134STREET,Side2_2022-07_P_zQREw_H_84_Off_0.jpg,"(1, 1, 1, 1, 0.9700092673301697, -0.1441316669341225)",entrance=1 door=1 stairs=1 goodStairs=1 inFOV=True s_door=0.97 s_stairs=0.98 s_entr=0.97 dist=0.144
4-11BEACH133STREET,Center_2022-07_P_v-mAg_H_259_Off_10.jpg,"(1, 1, 1, 1, 0.7942793965339661, -0.15285137316866634)",entrance=1 door=1 stairs=1 goodStairs=1 inFOV=True s_door=0.79 s_stairs=0.98 s_entr=0.79 dist=0.153
4-14BEACH133STREET,Side1_2022-07_P_ddfYw_H_23_Off_0.jpg,"(1, 1, 1, 1, 0.3996331989765167, -0.18734291934494546)",entrance=1 door=1 stairs=1 goodStairs=1 inFOV=True s_door=0.40 s_stairs=0.85 s_entr=0.40 dist=0.187
4-14BEACH134STREET,Center_2022-07_P_zQREw_H_49_Off_-10.jpg,"(1, 1, 1, 1, 0.9745654463768005, -0.2389337050565582)",entrance=1 door=1 stairs=1 goodStairs=1 inFOV=True s_door=0.97 s_stairs=0.98 s_entr=0.97 dist=0.239
4-15BEACH133STREET,Side1_2022-07_P_SxZLw_H_236_Off_5.jpg,"(1, 1, 0, 1, 0.6244908571243286, -0.16412854015656225)",entrance=1 door=1 stairs=0 goodStairs=0 inFOV=True s_door=0.62 s_stairs=0.00 s_entr=0.62 dist=0.164
4-15BEACH134STREET,Center_2022-07_P_3mE4g_H_227_Off_-5.jpg,"(1, 1, 1, 1, 0.8224948048591614, -0.0943767787537085)",entrance=1 door=1 stairs=1 goodStairs=1 inFOV=True s_door=0.82 s_stairs=0.97 s_entr=0.82 dist=0.094
4-18BEACH133STREET,Side2_2022-07_P_O8GFw_H_80_Off_-5.jpg,"(1, 1, 0, 1, 0.09241189807653427, -0.3359549977921961)",entrance=1 door=1 stairs=1 goodStairs=0 inFOV=True s_door=0.09 s_stairs=0.13 s_entr=0.09 dist=0.336
4-19BEACH133STREET,Center_2022-07_P_SxZLw_H_264_Off_10.jpg,"(1, 1, 1, 1, 0.6196385025978088, -0.07145557775946165)",entrance=1 door=1 stairs=1 goodStairs=1 inFOV=True s_door=0.62 s_stairs=0.89 s_entr=0.62 dist=0.071
4-23BEACH133STREET,Center_2022-07_P_FQ_wQ_H_243_Off_5.jpg,"(1, 1, 1, 1, 0.9473792910575867, -0.06843263074446958)",entrance=1 door=1 stairs=1 goodStairs=1 inFOV=True s_door=0.95 s_stairs=0.99 s_entr=0.95 dist=0.068
4-24BEACH133STREET,Center_2022-07_P_FQ_wQ_H_69_Off_-5.jpg,"(1, 1, 1, 1, 0.5613468289375305, -0.16510730141303068)",entrance=1 door=1 stairs=1 goodStairs=1 inFOV=True s_door=0.56 s_stairs=0.98 s_entr=0.56 dist=0.165
4-30BEACH133STREET,Center_2022-07_P_po4gw_H_55_Off_0.jpg,"(1, 1, 1, 1, 0.9704936146736145, -0.2224534385828447)",entrance=1 door=1 stairs=1 goodStairs=1 inFOV=True s_door=0.97 s_stairs=0.97 s_entr=0.97 dist=0.222
4-34BEACH133STREET,Side2_2022-07_P_1T2sQ_H_96_Off_0.jpg,"(1, 1, 1, 1, 0.9759169220924377, -0.2358917436042562)",entrance=1 door=1 stairs=1 goodStairs=1 inFOV=True s_door=0.98 s_stairs=0.94 s_entr=0.98 dist=0.236
4-38BEACH133STREET,Center_2022-07_P_1T2sQ_H_71_Off_-5.jpg,"(1, 1, 1, 1, 0.9747642874717712, -0.06384769452516517)",entrance=1 door=1 stairs=1 goodStairs=1 inFOV=True s_door=0.97 s_stairs=0.93 s_entr=0.97 dist=0.064
4-40BEACH133STREET,Center_2022-07_P_BTfOg_H_70_Off_5.jpg,"(1, 1, 0, 1, 0.20198054611682892, -0.02608152395340921)",entrance=1 door=1 stairs=0 goodStairs=0 inFOV=True s_door=0.20 s_stairs=0.00 s_entr=0.20 dist=0.026
4-41BEACH133STREET,Center_2022-07_P_BTfOg_H_236_Off_-5.jpg,"(1, 1, 1, 1, 0.7281150817871094, -0.08330028037133834)",entrance=1 door=1 stairs=1 goodStairs=1 inFOV=True s_door=0.73 s_stairs=0.97 s_entr=0.73 dist=0.083
4-47BEACH133STREET,Center_2022-07_P_ItgeQ_H_268_Off_10.jpg,"(1, 1, 1, 1, 0.9790012240409851, -0.19762628819739209)",entrance=1 door=1 stairs=1 goodStairs=1 inFOV=True s_door=0.98 s_stairs=0.98 s_entr=0.98 dist=0.198
4-48BEACH133STREET,Center_2022-07_P_ItgeQ_H_57_Off_0.jpg,"(1, 1, 1, 1, 0.9554105997085571, -0.1258581901004716)",entrance=1 door=1 stairs=1 goodStairs=1 inFOV=True s_door=0.96 s_stairs=0.96 s_entr=0.96 dist=0.126
4-50BEACH134STREET,Center_2022-07_P_7syKA_H_75_Off_10.jpg,"(1, 1, 1, 1, 0.7930277585983276, -0.17710552006583333)",entrance=1 door=1 stairs=1 goodStairs=1 inFOV=True s_door=0.79 s_stairs=0.98 s_entr=0.79 dist=0.177
4-51BEACH133STREET,Side2_2022-07_P_cbfbg_H_270_Off_0.jpg,"(1, 1, 1, 1, 0.9765692949295044, -0.10579725356325961)",entrance=1 door=1 stairs=1 goodStairs=1 inFOV=True s_door=0.98 s_stairs=0.96 s_entr=0.98 dist=0.106
4-60BEACH134STREET,Side1_2022-07_P_l8iJA_H_17_Off_-5.jpg,"(1, 1, 1, 1, 0.8364936709403992, -0.21524440575532025)",entrance=1 door=1 stairs=1 goodStairs=1 inFOV=True s_door=0.84 s_stairs=0.88 s_entr=0.84 dist=0.215
4-62BEACH133STREET,Center_2022-07_P_K_LGQ_H_44_Off_-10.jpg,"(1, 1, 1, 1, 0.9461885690689087, -0.08158453523728236)",entrance=1 door=1 stairs=1 goodStairs=1 inFOV=True s_door=0.95 s_stairs=0.96 s_entr=0.95 dist=0.082
4-65BEACH133STREET,Side1_2022-07_P_Z8ErA_H_144_Off_10.jpg,"(1, 1, 0, 1, 0.34891021251678467, -0.25007404498545344)",entrance=1 door=1 stairs=0 goodStairs=0 inFOV=True s_door=0.35 s_stairs=0.00 s_entr=0.35 dist=0.250
405BEACH135STREET,Side2_2022-07_P_Hmx0Q_H_266_Off_-10.jpg,"(1, 1, 1, 1, 0.30964452028274536, -0.21161405085962282)",entrance=1 door=1 stairs=1 goodStairs=1 inFOV=True s_door=0.31 s_stairs=0.91 s_entr=0.31 dist=0.212
406BEACH136STREET,Side1_2022-07_P_C59fw_H_37_Off_0.jpg,"(1, 1, 1, 1, 0.7493972778320312, -0.06306058048932743)",entrance=1 door=1 stairs=1 goodStairs=1 inFOV=True s_door=0.75 s_stairs=0.88 s_entr=0.75 dist=0.063
409BEACH130STREET,Side1_2022-07_P_TzyGw_H_222_Off_5.jpg,"(1, 1, 1, 1, 0.8428458571434021, -0.20475013325393474)",entrance=1 door=1 stairs=1 goodStairs=1 inFOV=True s_door=0.84 s_stairs=0.89 s_entr=0.84 dist=0.205
409BEACH132STREET,Side2_2022-07_P_ahvFg_H_288_Off_-5.jpg,"(1, 1, 1, 1, 0.7241343259811401, -0.22267598155801685)",entrance=1 door=1 stairs=1 goodStairs=1 inFOV=True s_door=0.72 s_stairs=0.97 s_entr=0.72 dist=0.223
411BEACH130STREET,Center_2022-07_P_TzyGw_H_248_Off_-5.jpg,"(1, 1, 1, 1, 0.9303569197654724, -0.07941097812277476)",entrance=1 door=1 stairs=1 goodStairs=1 inFOV=True s_door=0.93 s_stairs=0.92 s_entr=0.93 dist=0.079
411BEACH131STREET,Center_2022-07_P_AKoww_H_249_Off_0.jpg,"(1, 1, 1, 1, 0.982134222984314, -0.02859801677820774)",entrance=1 door=1 stairs=1 goodStairs=1 inFOV=True s_door=0.98 s_stairs=0.98 s_entr=0.98 dist=0.029
411BEACH135STREET,Center_2022-07_P_TUJbw_H_251_Off_10.jpg,"(1, 1, 1, 1, 0.9418741464614868, -0.15649893629995582)",entrance=1 door=1 stairs=1 goodStairs=1 inFOV=True s_door=0.94 s_stairs=0.96 s_entr=0.94 dist=0.156
412BEACH132STREET,Side1_2022-07_P_ahvFg_H_27_Off_10.jpg,"(1, 1, 1, 1, 0.965334951877594, -0.09832403170188798)",entrance=1 door=1 stairs=1 goodStairs=1 inFOV=True s_door=0.97 s_stairs=0.86 s_entr=0.97 dist=0.098
412BEACH135STREET,Center_2022-07_P_M-y7Q_H_76_Off_5.jpg,"(1, 1, 1, 1, 0.955602765083313, -0.19802763564927334)",entrance=1 door=1 stairs=1 goodStairs=1 inFOV=True s_door=0.96 s_stairs=0.96 s_entr=0.96 dist=0.198
412BEACH136STREET,Center_2022-07_P_v4Wqg_H_65_Off_5.jpg,"(1, 1, 1, 1, 0.9692596793174744, -0.23206416186395518)",entrance=1 door=1 stairs=1 goodStairs=1 inFOV=True s_door=0.97 s_stairs=0.97 s_entr=0.97 dist=0.232
416BEACH136STREET,Side2_2022-07_P_eimZw_H_30_Off_-10.jpg,"(1, 1, 1, 1, 0.9645239114761353, -0.23948331036235704)",entrance=1 door=1 stairs=1 goodStairs=1 inFOV=True s_door=0.96 s_stairs=0.91 s_entr=0.96 dist=0.239
417BEACH132STREET,Center_2024-10_P_4Ytug_H_244_Off_10.jpg,"(1, 1, 1, 1, 0.9151203632354736, -0.0819569932537495)",entrance=1 door=1 stairs=1 goodStairs=1 inFOV=True s_door=0.92 s_stairs=0.98 s_entr=0.92 dist=0.082
418BEACH131STREET,Side2_2022-07_P_9r7pw_H_93_Off_5.jpg,"(1, 1, 1, 1, 0.9769598245620728, -0.1696008574850218)",entrance=1 door=1 stairs=1 goodStairs=1 inFOV=True s_door=0.98 s_stairs=0.94 s_entr=0.98 dist=0.170
418BEACH135STREET,Center_2022-07_P_TUJbw_H_56_Off_-10.jpg,"(1, 1, 1, 1, 0.9737567901611328, -0.05991597512329114)",entrance=1 door=1 stairs=1 goodStairs=1 inFOV=True s_door=0.97 s_stairs=0.98 s_entr=0.97 dist=0.060
420BEACH131STREET,Side1_2022-07_P_mBLnw_H_22_Off_-10.jpg,"(1, 1, 1, 1, 0.9504144787788391, -0.22262920718519003)",entrance=1 door=1 stairs=1 goodStairs=1 inFOV=True s_door=0.95 s_stairs=0.97 s_entr=0.95 dist=0.223
420BEACH132STREET,Center_2024-10_P_4Ytug_H_68_Off_0.jpg,"(1, 1, 1, 1, 0.7320135831832886, -0.14457356082089148)",entrance=1 door=1 stairs=1 goodStairs=1 inFOV=True s_door=0.73 s_stairs=0.98 s_entr=0.73 dist=0.145
420BEACH136STREET,Side2_2022-07_P_eimZw_H_25_Off_0.jpg,"(1, 1, 1, 1, 0.9343764185905457, -0.3085417473555313)",entrance=1 door=1 stairs=1 goodStairs=1 inFOV=True s_door=0.93 s_stairs=0.91 s_entr=0.93 dist=0.309
421BEACH130STREET,Side1_2022-07_P_4pmYA_H_230_Off_5.jpg,"(1, 1, 1, 1, 0.964669942855835, -0.07451894724831884)",entrance=1 door=1 stairs=1 goodStairs=1 inFOV=True s_door=0.96 s_stairs=0.92 s_entr=0.96 dist=0.075
423BEACH130STREET,Center_2022-07_P_nJYAw_H_237_Off_0.jpg,"(1, 1, 1, 1, 0.9693744778633118, -0.027744480540358194)",entrance=1 door=1 stairs=1 goodStairs=1 inFOV=True s_door=0.97 s_stairs=0.96 s_entr=0.97 dist=0.028
424BEACH131STREET,Center_2018-07_P_1B6oQ_H_67_Off_-10.jpg,"(1, 1, 1, 1, 0.8972344398498535, -0.06661909019964078)",entrance=1 door=1 stairs=1 goodStairs=1 inFOV=True s_door=0.90 s_stairs=0.87 s_entr=0.90 dist=0.067
424BEACH135STREET,Side2_2022-07_P_ViDjw_H_70_Off_-10.jpg,"(1, 1, 1, 1, 0.9673157930374146, -0.0195588632055437)",entrance=1 door=1 stairs=1 goodStairs=1 inFOV=True s_door=0.97 s_stairs=0.99 s_entr=0.97 dist=0.020
425BEACH132STREET,Side1_2024-10_P_9UmuQ_H_226_Off_0.jpg,"(1, 1, 1, 1, 0.988970160484314, -0.05984222245718198)",entrance=1 door=1 stairs=1 goodStairs=1 inFOV=True s_door=0.99 s_stairs=0.96 s_entr=0.99 dist=0.060
425BEACH133STREET,Side2_2022-07_P_FQ_wQ_H_278_Off_0.jpg,"(1, 1, 0, 1, 0.19995413720607758, -0.0740570603200642)",entrance=1 door=1 stairs=1 goodStairs=0 inFOV=True s_door=0.20 s_stairs=0.27 s_entr=0.20 dist=0.074
426BEACH135STREET,Side1_2022-07_P_ViDjw_H_50_Off_0.jpg,"(1, 1, 1, 1, 0.5128873586654663, -0.11946190912921092)",entrance=1 door=1 stairs=1 goodStairs=1 inFOV=True s_door=0.51 s_stairs=0.92 s_entr=0.51 dist=0.119
427BEACH132STREET,Center_2024-10_P_xjwnA_H_240_Off_-10.jpg,"(1, 1, 1, 1, 0.9807050824165344, -0.11232255858019988)",entrance=1 door=1 stairs=1 goodStairs=1 inFOV=True s_door=0.98 s_stairs=0.98 s_entr=0.98 dist=0.112
427BEACH134STREET,Side2_2022-07_P_LpUlg_H_262_Off_-5.jpg,"(1, 1, 1, 1, 0.7863225340843201, -0.0433351772470248)",entrance=1 door=1 stairs=1 goodStairs=1 inFOV=True s_door=0.79 s_stairs=0.98 s_entr=0.79 dist=0.043
428BEACH131STREET,Side1_2021-11_P_If0zw_H_28_Off_0.jpg,"(1, 1, 1, 1, 0.7663484215736389, -0.14986797338387525)",entrance=1 door=1 stairs=1 goodStairs=1 inFOV=True s_door=0.77 s_stairs=0.86 s_entr=0.77 dist=0.150
429BEACH135STREET,Side2_2022-07_P_lB8Tg_H_262_Off_-10.jpg,"(1, 1, 1, 1, 0.5560001134872437, -0.0733533007558548)",entrance=1 door=1 stairs=1 goodStairs=1 inFOV=True s_door=0.56 s_stairs=0.98 s_entr=0.56 dist=0.073
430BEACH136STREET,Side2_2022-07_P_lB8Tg_H_264_Off_5.jpg,"(1, 1, 1, 1, 0.5853607058525085, -0.055099415617325974)",entrance=1 door=1 stairs=1 goodStairs=1 inFOV=True s_door=0.59 s_stairs=0.97 s_entr=0.59 dist=0.055
431BEACH131STREET,Side2_2022-07_P_qyShw_H_263_Off_0.jpg,"(1, 1, 1, 1, 0.1456952542066574, -0.18563554107082356)",entrance=1 door=1 stairs=1 goodStairs=1 inFOV=True s_door=0.15 s_stairs=0.87 s_entr=0.15 dist=0.186
432BEACH131STREET,Center_2021-11_P_Iy8bg_H_64_Off_5.jpg,"(1, 1, 1, 1, 0.7885785698890686, -0.031245218064698925)",entrance=1 door=1 stairs=1 goodStairs=1 inFOV=True s_door=0.79 s_stairs=0.86 s_entr=0.79 dist=0.031
432BEACH132STREET,Side2_2024-10_P_14Jkw_H_83_Off_-5.jpg,"(1, 1, 1, 1, 0.9854828119277954, -0.2568223268441475)",entrance=1 door=1 stairs=1 goodStairs=1 inFOV=True s_door=0.99 s_stairs=0.98 s_entr=0.99 dist=0.257
434BEACH136STREET,Side2_2022-07_P_DrEPQ_H_243_Off_-10.jpg,"(1, 1, 1, 1, 0.513405978679657, -0.19117332587023894)",entrance=1 door=1 stairs=1 goodStairs=1 inFOV=True s_door=0.51 s_stairs=0.95 s_entr=0.51 dist=0.191
435BEACH130STREET,Center_2022-07_P_tYn_w_H_247_Off_0.jpg,"(1, 1, 1, 1, 0.9529716372489929, -0.12651308768145286)",entrance=1 door=1 stairs=1 goodStairs=1 inFOV=True s_door=0.95 s_stairs=0.92 s_entr=0.95 dist=0.127
435BEACH135STREET,Side2_2022-07_P_DrEPQ_H_274_Off_5.jpg,"(1, 1, 1, 1, 0.4113847017288208, -0.14970541401425888)",entrance=1 door=1 stairs=1 goodStairs=1 inFOV=True s_door=0.41 s_stairs=0.94 s_entr=0.41 dist=0.150
436BEACH131STREET,Center_2021-11_P_hnIWw_H_69_Off_-5.jpg,"(1, 1, 1, 1, 0.19429181516170502, -0.013381157731809968)",entrance=1 door=1 stairs=1 goodStairs=1 inFOV=True s_door=0.19 s_stairs=0.94 s_entr=0.19 dist=0.013
436BEACH132STREET,Side1_2024-10_P_14Jkw_H_56_Off_5.jpg,"(1, 1, 1, 1, 0.9873007535934448, -0.04202716786022302)",entrance=1 door=1 stairs=1 goodStairs=1 inFOV=True s_door=0.99 s_stairs=0.98 s_entr=0.99 dist=0.042
440BEACH132STREET,Side1_2024-10_P_rwH_g_H_51_Off_5.jpg,"(1, 1, 1, 1, 0.9779260754585266, -0.008351579202853409)",entrance=1 door=1 stairs=1 goodStairs=1 inFOV=True s_door=0.98 s_stairs=0.97 s_entr=0.98 dist=0.008
442BEACH131STREET,Center_2021-11_P_0sRRA_H_54_Off_-10.jpg,"(1, 1, 1, 1, 0.8794618844985962, -0.22616699939864254)",entrance=1 door=1 stairs=1 goodStairs=1 inFOV=True s_door=0.88 s_stairs=0.87 s_entr=0.88 dist=0.226
444BEACH132STREET,Center_2024-10_P_KL6EQ_H_61_Off_-5.jpg,"(1, 1, 1, 1, 0.9863714575767517, -0.24247580031230564)",entrance=1 door=1 stairs=1 goodStairs=1 inFOV=True s_door=0.99 s_stairs=0.98 s_entr=0.99 dist=0.242
444BEACH136STREET,Side2_2022-07_P_DrEPQ_H_269_Off_-5.jpg,"(1, 1, 1, 1, 0.6234050393104553, -0.10230879012418517)",entrance=1 door=1 stairs=1 goodStairs=1 inFOV=True s_door=0.62 s_stairs=0.94 s_entr=0.62 dist=0.102
446BEACH131STREET,Center_2022-07_P_CUHrg_H_69_Off_-5.jpg,"(1, 1, 1, 1, 0.6858795881271362, -0.16348625714255557)",entrance=1 door=1 stairs=1 goodStairs=1 inFOV=True s_door=0.69 s_stairs=0.97 s_entr=0.69 dist=0.163
447BEACH130STREET,Side1_2022-07_P_Iv3Rg_H_232_Off_0.jpg,"(1, 1, 1, 1, 0.9610584378242493, -0.09206388227851582)",entrance=1 door=1 stairs=1 goodStairs=1 inFOV=True s_door=0.96 s_stairs=0.98 s_entr=0.96 dist=0.092
447BEACH131STREET,Side2_2021-11_P_0sRRA_H_291_Off_10.jpg,"(1, 1, 1, 1, 0.7454561591148376, -0.009217011647746538)",entrance=1 door=1 stairs=1 goodStairs=1 inFOV=True s_door=0.75 s_stairs=0.83 s_entr=0.75 dist=0.009
448BEACH132STREET,Center_2024-10_P_Q0WZg_H_61_Off_0.jpg,"(1, 1, 1, 1, 0.7335951924324036, -0.15472630715141117)",entrance=1 door=1 stairs=1 goodStairs=1 inFOV=True s_door=0.73 s_stairs=0.99 s_entr=0.73 dist=0.155
450BEACH131STREET,Center_2022-07_P_jdMQA_H_59_Off_-10.jpg,"(1, 1, 1, 1, 0.42069438099861145, -0.1508868443559147)",entrance=1 door=1 stairs=1 goodStairs=1 inFOV=True s_door=0.42 s_stairs=0.94 s_entr=0.42 dist=0.151
451BEACH131STREET,Center_2022-07_P_jdMQA_H_233_Off_-10.jpg,"(1, 1, 1, 1, 0.977833092212677, -0.22930367340788366)",entrance=1 door=1 stairs=1 goodStairs=1 inFOV=True s_door=0.98 s_stairs=0.98 s_entr=0.98 dist=0.229
452BEACH131STREET,Side1_2022-07_P_0iaAg_H_51_Off_10.jpg,"(1, 1, 1, 1, 0.9657068848609924, -0.06472540185050185)",entrance=1 door=1 stairs=1 goodStairs=1 inFOV=True s_door=0.97 s_stairs=0.94 s_entr=0.97 dist=0.065
453BEACH132STREET,Center_2018-07_P_ADD2Q_H_231_Off_0.jpg,"(1, 1, 1, 1, 0.7755619883537292, -0.16167127326900205)",entrance=1 door=1 stairs=1 goodStairs=1 inFOV=True s_door=0.78 s_stairs=0.80 s_entr=0.78 dist=0.162
455BEACH130STREET,Center_2022-07_P_y2siw_H_234_Off_-10.jpg,"(1, 1, 1, 1, 0.9046418070793152, -0.24889694704502294)",entrance=1 door=1 stairs=1 goodStairs=1 inFOV=True s_door=0.90 s_stairs=0.97 s_entr=0.90 dist=0.249
455BEACH131STREET,Side2_2022-07_P_jdMQA_H_277_Off_0.jpg,"(1, 1, 1, 1, 0.9676972031593323, -0.2657914903404831)",entrance=1 door=1 stairs=1 goodStairs=1 inFOV=True s_door=0.97 s_stairs=0.98 s_entr=0.97 dist=0.266
455BEACH133STREET,Side2_2022-07_P_y9v9g_H_262_Off_-10.jpg,"(1, 1, 1, 1, 0.9775152802467346, -0.060533158181890694)",entrance=1 door=1 stairs=1 goodStairs=1 inFOV=True s_door=0.98 s_stairs=0.98 s_entr=0.98 dist=0.061
456BEACH132STREET,Side2_2018-07_P_ADD2Q_H_95_Off_10.jpg,"(1, 1, 1, 1, 0.1551855355501175, -0.1582727527094751)",entrance=1 door=1 stairs=1 goodStairs=1 inFOV=True s_door=0.16 s_stairs=0.66 s_entr=0.16 dist=0.158
459BEACH130STREET,Center_2020-11_P_O2wQg_H_225_Off_-10.jpg,"(1, 1, 1, 1, 0.9322865605354309, -0.18243981180204308)",entrance=1 door=1 stairs=1 goodStairs=1 inFOV=True s_door=0.93 s_stairs=0.97 s_entr=0.93 dist=0.182
459BEACH131STREET,Center_2022-07_P_ri-8w_H_248_Off_-10.jpg,"(1, 1, 1, 1, 0.9458942413330078, -0.12939564748041854)",entrance=1 door=1 stairs=1 goodStairs=1 inFOV=True s_door=0.95 s_stairs=0.98 s_entr=0.95 dist=0.129
462BEACH131STREET,Side2_2022-07_P_q9pFg_H_89_Off_-10.jpg,"(1, 1, 1, 1, 0.9182917475700378, -0.21544995410604573)",entrance=1 door=1 stairs=1 goodStairs=1 inFOV=True s_door=0.92 s_stairs=0.90 s_entr=0.92 dist=0.215
462BEACH132STREET,Center_2018-07_P_h61yA_H_83_Off_-5.jpg,"(1, 1, 1, 1, 0.7930006384849548, -0.029261057759919204)",entrance=1 door=1 stairs=1 goodStairs=1 inFOV=True s_door=0.79 s_stairs=0.98 s_entr=0.79 dist=0.029
473BEACH131STREET,Center_2022-07_P_umkJA_H_241_Off_-5.jpg,"(1, 1, 1, 1, 0.7689201831817627, -0.054714410662477106)",entrance=1 door=1 stairs=1 goodStairs=1 inFOV=True s_door=0.77 s_stairs=0.98 s_entr=0.77 dist=0.055
5-03BEACH133STREET,Side1_2022-07_P_s9H6Q_H_296_Off_0.jpg,"(1, 1, 1, 1, 0.7310442328453064, -0.043824613016520686)",entrance=1 door=1 stairs=1 goodStairs=1 inFOV=True s_door=0.73 s_stairs=0.81 s_entr=0.73 dist=0.044
5-07BEACH133STREET,Side1_2022-07_P_l2BmQ_H_214_Off_0.jpg,"(1, 1, 1, 1, 0.9715893268585205, -0.2780996157470376)",entrance=1 door=1 stairs=1 goodStairs=1 inFOV=True s_door=0.97 s_stairs=0.96 s_entr=0.97 dist=0.278
5-09BEACH135STREET,Side1_2022-07_P_s5mTg_H_200_Off_0.jpg,"(1, 1, 1, 1, 0.6005948781967163, -0.3276979336332931)",entrance=1 door=1 stairs=1 goodStairs=1 inFOV=True s_door=0.60 s_stairs=0.76 s_entr=0.60 dist=0.328
5-10BEACH133STREET,Center_2021-11_P_kyYQw_H_49_Off_-10.jpg,"(1, 1, 0, 1, 0.6374021768569946, -0.04033710477545032)",entrance=1 door=1 stairs=0 goodStairs=0 inFOV=True s_door=0.64 s_stairs=0.00 s_entr=0.64 dist=0.040
5-11BEACH135STREET,Side1_2022-07_P_s5mTg_H_239_Off_10.jpg,"(1, 1, 1, 1, 0.8514103293418884, -0.11918858696601761)",entrance=1 door=1 stairs=1 goodStairs=1 inFOV=True s_door=0.85 s_stairs=0.90 s_entr=0.85 dist=0.119
5-12BEACH135STREET,Side1_2022-07_P_ylztA_H_26_Off_-5.jpg,"(1, 1, 0, 1, 0.561733603477478, -0.29334200760754203)",entrance=1 door=1 stairs=0 goodStairs=0 inFOV=True s_door=0.56 s_stairs=0.00 s_entr=0.56 dist=0.293
5-15BEACH135STREET,Center_2022-07_P_TnJjA_H_231_Off_-5.jpg,"(1, 1, 1, 1, 0.9634847640991211, -0.06278126184220112)",entrance=1 door=1 stairs=1 goodStairs=1 inFOV=True s_door=0.96 s_stairs=0.98 s_entr=0.96 dist=0.063
5-17BEACH133STREET,Center_2022-07_P_7c5tg_H_247_Off_-5.jpg,"(1, 1, 1, 1, 0.9607880711555481, -0.13209963735778574)",entrance=1 door=1 stairs=1 goodStairs=1 inFOV=True s_door=0.96 s_stairs=0.97 s_entr=0.96 dist=0.132
5-18BEACH133STREET,Side1_2007-09_P_MTUUA_H_32_Off_5.jpg,"(1, 1, 0, 1, 0.4931398034095764, -0.16101010183936543)",entrance=1 door=1 stairs=0 goodStairs=0 inFOV=True s_door=0.49 s_stairs=0.00 s_entr=0.49 dist=0.161
5-20BEACH135STREET,Center_2012-10_P_xmidg_H_64_Off_0.jpg,"(1, 1, 1, 1, 0.47441020607948303, -0.1462263236280527)",entrance=1 door=1 stairs=1 goodStairs=1 inFOV=True s_door=0.47 s_stairs=0.99 s_entr=0.47 dist=0.146
5-25BEACH135STREET,Side1_2022-07_P_XmSWA_H_222_Off_5.jpg,"(1, 1, 1, 1, 0.9226135611534119, -0.15312935341564285)",entrance=1 door=1 stairs=1 goodStairs=1 inFOV=True s_door=0.92 s_stairs=0.97 s_entr=0.92 dist=0.153
5-32BEACH133STREET,Center_2022-07_P_J4hrA_H_60_Off_5.jpg,"(1, 1, 1, 1, 0.8953520655632019, -0.17023764081690332)",entrance=1 door=1 stairs=1 goodStairs=1 inFOV=True s_door=0.90 s_stairs=0.98 s_entr=0.90 dist=0.170
5-33BEACH135STREET,Center_2022-07_P_WWzMA_H_250_Off_-5.jpg,"(1, 1, 1, 1, 0.979923665523529, -0.0908179745406364)",entrance=1 door=1 stairs=1 goodStairs=1 inFOV=True s_door=0.98 s_stairs=0.97 s_entr=0.98 dist=0.091
5-36BEACH133STREET,Side1_2022-07_P_J4hrA_H_28_Off_0.jpg,"(1, 1, 1, 1, 0.883352518081665, -0.17743746876233066)",entrance=1 door=1 stairs=1 goodStairs=1 inFOV=True s_door=0.88 s_stairs=0.98 s_entr=0.88 dist=0.177
5-37BEACH134STREET,Center_2022-07_P_vpwog_H_245_Off_5.jpg,"(1, 1, 1, 1, 0.6391196846961975, -0.017195839253992325)",entrance=1 door=1 stairs=1 goodStairs=1 inFOV=True s_door=0.64 s_stairs=0.77 s_entr=0.64 dist=0.017
5-40BEACH133STREET,Center_2022-07_P_9YNvg_H_84_Off_5.jpg,"(1, 1, 1, 1, 0.9392048716545105, -0.13151856808777215)",entrance=1 door=1 stairs=1 goodStairs=1 inFOV=True s_door=0.94 s_stairs=0.98 s_entr=0.94 dist=0.132
5-41BEACH134STREET,Center_2022-07_P_UbWCQ_H_242_Off_-5.jpg,"(1, 1, 1, 1, 0.9431796669960022, -0.07905003760191832)",entrance=1 door=1 stairs=1 goodStairs=1 inFOV=True s_door=0.94 s_stairs=0.98 s_entr=0.94 dist=0.079
5-45BEACH134STREET,Center_2022-07_P_B4vvQ_H_257_Off_5.jpg,"(1, 1, 1, 1, 0.6963339447975159, -0.017603969346737698)",entrance=1 door=1 stairs=1 goodStairs=1 inFOV=True s_door=0.70 s_stairs=0.98 s_entr=0.70 dist=0.018
5-46BEACH135STREET,Center_2022-07_P_jWQ4g_H_54_Off_-5.jpg,"(1, 1, 1, 1, 0.9605169892311096, -0.01983211537848789)",entrance=1 door=1 stairs=1 goodStairs=1 inFOV=True s_door=0.96 s_stairs=0.60 s_entr=0.96 dist=0.020
5-50BEACH134STREET,Center_2022-07_P_tfoEQ_H_53_Off_0.jpg,"(1, 1, 1, 1, 0.9254205822944641, -0.19741433062763475)",entrance=1 door=1 stairs=1 goodStairs=1 inFOV=True s_door=0.93 s_stairs=0.91 s_entr=0.93 dist=0.197
5-50BEACH135STREET,Center_2022-07_P_007bg_H_69_Off_10.jpg,"(1, 1, 1, 1, 0.7383953332901001, -0.25800434526822147)",entrance=1 door=1 stairs=1 goodStairs=1 inFOV=True s_door=0.74 s_stairs=0.92 s_entr=0.74 dist=0.258
5-53BEACH133STREET,Center_2022-07_P_u76RQ_H_240_Off_5.jpg,"(1, 1, 1, 1, 0.7788096070289612, -0.1209139450147913)",entrance=1 door=1 stairs=1 goodStairs=1 inFOV=True s_door=0.78 s_stairs=0.99 s_entr=0.78 dist=0.121
503BEACH131STREET,Center_2022-07_P_hp3_w_H_323_Off_0.jpg,"(1, 1, 0, 1, 0.32236209511756897, -0.058479060121450044)",entrance=1 door=1 stairs=1 goodStairs=0 inFOV=True s_door=0.32 s_stairs=0.46 s_entr=0.32 dist=0.058
509BEACH131STREET,Side1_2022-07_P_SL-1w_H_223_Off_10.jpg,"(1, 1, 1, 1, 0.9159064888954163, -0.23179469624619978)",entrance=1 door=1 stairs=1 goodStairs=1 inFOV=True s_door=0.92 s_stairs=0.86 s_entr=0.92 dist=0.232
511BEACH132STREET,Center_2018-07_P_Cf0jw_H_244_Off_-5.jpg,"(1, 1, 1, 1, 0.9618992805480957, -0.006790010335146386)",entrance=1 door=1 stairs=1 goodStairs=1 inFOV=True s_door=0.96 s_stairs=0.74 s_entr=0.96 dist=0.007
512BEACH132STREET,Side2_2022-07_P_F7Isw_H_101_Off_-5.jpg,"(1, 1, 1, 1, 0.24449193477630615, -0.07497598589696816)",entrance=1 door=1 stairs=1 goodStairs=1 inFOV=True s_door=0.24 s_stairs=0.82 s_entr=0.24 dist=0.075
512BEACH136STREET,Side2_2022-07_P_TnJjA_H_233_Off_10.jpg,"(1, 1, 1, 1, 0.9641333222389221, -0.0353089552476365)",entrance=1 door=1 stairs=1 goodStairs=1 inFOV=True s_door=0.96 s_stairs=0.98 s_entr=0.96 dist=0.035
515BEACH131STREET,Side2_2022-07_P_zrozg_H_266_Off_-5.jpg,"(1, 1, 1, 1, 0.8661014437675476, -0.16263761808500832)",entrance=1 door=1 stairs=1 goodStairs=1 inFOV=True s_door=0.87 s_stairs=0.85 s_entr=0.87 dist=0.163
517BEACH130STREET,Center_2019-08_P_o6hOQ_H_246_Off_0.jpg,"(1, 1, 1, 1, 0.942926287651062, -0.17586495730039325)",entrance=1 door=1 stairs=1 goodStairs=1 inFOV=True s_door=0.94 s_stairs=0.98 s_entr=0.94 dist=0.176
518BEACH132STREET,Side1_2018-07_P_Cf0jw_H_37_Off_5.jpg,"(1, 1, 1, 1, 0.9355652928352356, -0.11928043875911105)",entrance=1 door=1 stairs=1 goodStairs=1 inFOV=True s_door=0.94 s_stairs=0.94 s_entr=0.94 dist=0.119
522BEACH132STREET,Side1_2022-07_P_F7Isw_H_26_Off_-5.jpg,"(1, 1, 0, 1, 0.8149762749671936, -0.13658686712893436)",entrance=1 door=1 stairs=1 goodStairs=0 inFOV=True s_door=0.81 s_stairs=0.25 s_entr=0.81 dist=0.137
524BEACH131STREET,Center_2022-07_P_uuQ7w_H_68_Off_5.jpg,"(1, 1, 1, 1, 0.09778612852096558, -0.03687092058050663)",entrance=1 door=1 stairs=1 goodStairs=1 inFOV=True s_door=0.10 s_stairs=0.97 s_entr=0.10 dist=0.037
525BEACH131STREET,Side1_2022-07_P_0_H6Q_H_227_Off_10.jpg,"(1, 1, 1, 1, 0.9215424060821533, -0.23269101243417342)",entrance=1 door=1 stairs=1 goodStairs=1 inFOV=True s_door=0.92 s_stairs=0.93 s_entr=0.92 dist=0.233
525BEACH132STREET,Center_2022-07_P_Kn93g_H_248_Off_-5.jpg,"(1, 1, 1, 1, 0.9604183435440063, -0.09071447426466242)",entrance=1 door=1 stairs=1 goodStairs=1 inFOV=True s_door=0.96 s_stairs=0.99 s_entr=0.96 dist=0.091
527BEACH131STREET,Center_2022-07_P_0_H6Q_H_254_Off_10.jpg,"(1, 1, 1, 1, 0.9183223247528076, -0.06462592066968577)",entrance=1 door=1 stairs=1 goodStairs=1 inFOV=True s_door=0.92 s_stairs=0.93 s_entr=0.92 dist=0.065
528BEACH131STREET,Side1_2022-07_P_0_H6Q_H_44_Off_-5.jpg,"(1, 0, 1, 1, 0.8891229033470154, -0.20710836561326226)",entrance=1 door=0 stairs=1 goodStairs=1 inFOV=True s_door=0.00 s_stairs=0.89 s_entr=0.89 dist=0.207
528BEACH136STREET,Center_2022-07_P_32dHA_H_257_Off_-5.jpg,"(1, 1, 1, 1, 0.9803287982940674, -0.14571579317608188)",entrance=1 door=1 stairs=1 goodStairs=1 inFOV=True s_door=0.98 s_stairs=0.85 s_entr=0.98 dist=0.146
529BEACH132STREET,Side2_2022-07_P_SvGcg_H_268_Off_5.jpg,"(1, 1, 1, 1, 0.9457300901412964, -0.06638966665668095)",entrance=1 door=1 stairs=1 goodStairs=1 inFOV=True s_door=0.95 s_stairs=0.98 s_entr=0.95 dist=0.066
532BEACH131STREET,Center_2019-08_P_kMrsQ_H_83_Off_10.jpg,"(1, 1, 1, 1, 0.9733856320381165, -0.12865831960043939)",entrance=1 door=1 stairs=1 goodStairs=1 inFOV=True s_door=0.97 s_stairs=0.98 s_entr=0.97 dist=0.129
533BEACH130STREET,Side1_2019-08_P_q9qOw_H_201_Off_0.jpg,"(1, 1, 1, 1, 0.9146345257759094, -0.23322587196897057)",entrance=1 door=1 stairs=1 goodStairs=1 inFOV=True s_door=0.91 s_stairs=0.98 s_entr=0.91 dist=0.233
533BEACH132STREET,Side2_2022-07_P_of3CA_H_264_Off_-5.jpg,"(1, 1, 1, 1, 0.1161508709192276, -0.06670758466371504)",entrance=1 door=1 stairs=1 goodStairs=1 inFOV=True s_door=0.12 s_stairs=0.93 s_entr=0.12 dist=0.067
534BEACH132STREET,Center_2022-07_P_PlmpA_H_70_Off_0.jpg,"(1, 1, 1, 1, 0.9822059869766235, -0.02570438815046341)",entrance=1 door=1 stairs=1 goodStairs=1 inFOV=True s_door=0.98 s_stairs=0.99 s_entr=0.98 dist=0.026
536BEACH136STREET,Side2_2024-10_P_mCf3w_H_128_Off_-10.jpg,"(1, 1, 1, 1, 0.16489429771900177, -0.18585572128907335)",entrance=1 door=1 stairs=1 goodStairs=1 inFOV=True s_door=0.16 s_stairs=0.59 s_entr=0.16 dist=0.186
537BEACH130STREET,Side1_2019-08_P_q9qOw_H_214_Off_-10.jpg,"(1, 1, 1, 1, 0.9628093242645264, -0.08380527652824381)",entrance=1 door=1 stairs=1 goodStairs=1 inFOV=True s_door=0.96 s_stairs=0.98 s_entr=0.96 dist=0.084
540BEACH131STREET,Side1_2019-08_P_kMrsQ_H_31_Off_10.jpg,"(1, 1, 1, 1, 0.7997815012931824, -0.05476250673868443)",entrance=1 door=1 stairs=1 goodStairs=1 inFOV=True s_door=0.80 s_stairs=0.53 s_entr=0.80 dist=0.055
541BEACH130STREET,Center_2019-08_P_q9qOw_H_251_Off_-10.jpg,"(1, 1, 1, 1, 0.9646450281143188, -0.16280689281928717)",entrance=1 door=1 stairs=1 goodStairs=1 inFOV=True s_door=0.96 s_stairs=0.97 s_entr=0.96 dist=0.163
543BEACH131STREET,Side1_2022-07_P_95FLw_H_226_Off_10.jpg,"(1, 1, 0, 1, 0.11962314695119858, -0.019075041668078167)",entrance=1 door=1 stairs=0 goodStairs=0 inFOV=True s_door=0.12 s_stairs=0.00 s_entr=0.12 dist=0.019
544BEACH131STREET,Center_2022-07_P_mxdXA_H_65_Off_5.jpg,"(1, 1, 1, 1, 0.7822997570037842, -0.061550267912896105)",entrance=1 door=1 stairs=1 goodStairs=1 inFOV=True s_door=0.78 s_stairs=0.97 s_entr=0.78 dist=0.062
545BEACH132STREET,Side1_2022-07_P_XCIag_H_235_Off_5.jpg,"(1, 1, 1, 1, 0.8886763453483582, -0.23034053698238613)",entrance=1 door=1 stairs=1 goodStairs=1 inFOV=True s_door=0.89 s_stairs=0.88 s_entr=0.89 dist=0.230
548BEACH132STREET,Center_2022-07_P_15vOw_H_88_Off_10.jpg,"(1, 1, 1, 1, 0.9645727872848511, -0.019415437892597837)",entrance=1 door=1 stairs=1 goodStairs=1 inFOV=True s_door=0.96 s_stairs=0.97 s_entr=0.96 dist=0.019
549BEACH132STREET,Side1_2022-07_P_7gFzg_H_222_Off_10.jpg,"(1, 1, 1, 1, 0.9582114219665527, -0.2091002639708824)",entrance=1 door=1 stairs=1 goodStairs=1 inFOV=True s_door=0.96 s_stairs=0.98 s_entr=0.96 dist=0.209
551BEACH131STREET,Side2_2022-07_P_95FLw_H_279_Off_0.jpg,"(1, 1, 1, 1, 0.8544468283653259, -0.28050449906589064)",entrance=1 door=1 stairs=1 goodStairs=1 inFOV=True s_door=0.85 s_stairs=0.96 s_entr=0.85 dist=0.281
552BEACH132STREET,Center_2022-07_P_7gFzg_H_75_Off_5.jpg,"(1, 1, 1, 1, 0.8933750987052917, -0.0345024825870979)",entrance=1 door=1 stairs=1 goodStairs=1 inFOV=True s_door=0.89 s_stairs=0.97 s_entr=0.89 dist=0.035
553BEACH132STREET,Center_2022-07_P_7gFzg_H_240_Off_0.jpg,"(1, 1, 1, 1, 0.9647347331047058, -0.010285768387015804)",entrance=1 door=1 stairs=1 goodStairs=1 inFOV=True s_door=0.96 s_stairs=0.98 s_entr=0.96 dist=0.010
557BEACH132STREET,Center_2022-07_P_wudwA_H_252_Off_5.jpg,"(1, 1, 1, 1, 0.8863841891288757, -0.10631961449551022)",entrance=1 door=1 stairs=1 goodStairs=1 inFOV=True s_door=0.89 s_stairs=0.98 s_entr=0.89 dist=0.106
560BEACH132STREET,Side2_2022-07_P_ddOww_H_78_Off_-5.jpg,"(1, 1, 1, 1, 0.954674482345581, -0.21318099881264205)",entrance=1 door=1 stairs=1 goodStairs=1 inFOV=True s_door=0.95 s_stairs=0.96 s_entr=0.95 dist=0.213
561BEACH131STREET,Center_2022-07_P_dZ6zA_H_235_Off_0.jpg,"(1, 1, 1, 1, 0.9443862438201904, -0.03216976062559111)",entrance=1 door=1 stairs=1 goodStairs=1 inFOV=True s_door=0.94 s_stairs=0.95 s_entr=0.94 dist=0.032
564BEACH131STREET,Side2_2022-07_P_dZ6zA_H_84_Off_-10.jpg,"(1, 1, 1, 1, 0.9056212902069092, -0.15899498024479553)",entrance=1 door=1 stairs=1 goodStairs=1 inFOV=True s_door=0.91 s_stairs=0.87 s_entr=0.91 dist=0.159
566BEACH132STREET,Side2_2024-10_P_zc-1A_H_157_Off_-5.jpg,"(1, 1, 1, 1, 0.8964585065841675, -0.2066189633873125)",entrance=1 door=1 stairs=1 goodStairs=1 inFOV=True s_door=0.90 s_stairs=0.98 s_entr=0.90 dist=0.207
567BEACH130STREET,Side2_2019-08_P_X6hIw_H_230_Off_5.jpg,"(1, 0, 0, 1, 0.3112652599811554, -0.16946063808451306)",entrance=1 door=0 stairs=1 goodStairs=0 inFOV=True s_door=0.00 s_stairs=0.31 s_entr=0.31 dist=0.169
567BEACH131STREET,Center_2022-07_P_BTV5g_H_247_Off_-10.jpg,"(1, 1, 1, 1, 0.9529969692230225, -0.19136804882891453)",entrance=1 door=1 stairs=1 goodStairs=1 inFOV=True s_door=0.95 s_stairs=0.69 s_entr=0.95 dist=0.191
568BEACH131STREET,Center_2022-07_P_dZ6zA_H_65_Off_5.jpg,"(1, 1, 1, 1, 0.6573787927627563, -0.06911668218711443)",entrance=1 door=1 stairs=1 goodStairs=1 inFOV=True s_door=0.66 s_stairs=0.98 s_entr=0.66 dist=0.069
570BEACH131STREET,Side1_2022-07_P_BTV5g_H_23_Off_-5.jpg,"(1, 1, 1, 1, 0.9002304077148438, -0.14621137703232673)",entrance=1 door=1 stairs=1 goodStairs=1 inFOV=True s_door=0.90 s_stairs=0.61 s_entr=0.90 dist=0.146
